gender,age,attendance_pct,marks,homework_completion,distance_to_school,fee_status,dropout_label
female,12,75.81,73.94,61.63,2.05,no,1
male,17,82.5,44.7,58.0,12.86,no,1
female,10,75.26,54.31,58.71,6.58,yes,1
female,14,81.46,84.72,57.72,4.41,no,1
male,17,68.66,51.95,88.32,5.2,yes,1
other,18,94.3,68.4,75.88,11.81,no,1
female,12,84.81,74.6,100.0,4.84,no,0
female,15,74.71,55.98,48.12,18.0,yes,1
male,11,91.11,41.51,41.12,14.1,yes,1
male,11,86.94,71.42,100.0,4.34,no,1
male,13,86.15,73.91,49.59,6.92,yes,1
female,17,95.71,55.18,63.79,9.01,no,1
female,16,71.39,66.01,88.96,5.2,no,1
female,14,75.77,49.89,53.72,2.8,no,1
male,12,62.0,61.06,72.8,9.46,yes,1
male,11,78.74,70.52,86.5,0.84,no,0
female,12,87.92,58.4,98.85,6.63,no,1
male,11,79.38,59.48,76.02,11.48,yes,1
female,11,87.06,38.74,83.4,5.99,yes,1
female,16,75.7,41.46,49.01,14.81,yes,1
female,11,83.65,48.64,51.47,9.41,no,1
male,10,64.01,42.93,100.0,6.23,no,1
other,14,89.85,93.72,48.52,2.44,no,1
female,12,89.31,60.27,50.32,7.77,no,1
female,14,74.2,65.46,70.17,7.87,yes,1
male,11,97.27,44.62,89.25,9.8,yes,1
male,11,86.89,70.15,54.41,12.25,yes,1
male,13,98.42,55.58,93.99,1.55,no,0
male,16,77.46,72.63,40.08,1.15,no,1
female,13,65.84,58.85,51.01,7.6,yes,1
female,14,87.86,100.0,33.27,15.82,no,1
other,14,62.7,56.09,65.05,18.0,yes,1
male,12,78.01,48.51,32.15,10.53,yes,1
male,12,76.28,68.96,28.0,13.58,yes,1
male,13,75.94,100.0,85.25,4.99,no,0
male,10,100.0,45.93,95.11,5.47,no,1
male,16,90.23,58.52,73.14,4.41,no,0
male,15,51.25,42.21,61.26,14.32,yes,1
male,12,71.38,51.33,60.68,17.12,yes,1
female,13,92.37,66.68,72.12,5.38,no,1
male,12,83.67,37.13,40.3,9.45,yes,1
female,15,84.95,94.46,86.17,4.57,no,1
female,16,98.94,49.24,78.04,13.32,no,1
male,10,91.25,68.8,83.09,8.83,no,1
female,13,73.22,88.73,81.62,2.39,no,0
female,10,72.02,71.52,45.97,15.52,no,1
male,14,100.0,56.33,88.43,0.53,no,0
male,12,100.0,50.42,66.98,12.51,no,1
female,13,92.87,68.32,58.31,9.8,no,1
male,14,89.95,45.89,54.7,9.39,yes,1
male,12,100.0,75.28,63.58,5.3,no,1
male,13,80.2,35.58,76.0,8.74,yes,1
female,16,78.06,85.01,50.47,2.48,no,1
female,17,100.0,73.85,49.12,14.77,no,1
female,10,95.44,75.04,70.08,5.19,no,1
female,13,84.37,95.06,100.0,2.45,no,0
male,17,80.98,65.0,85.98,14.22,no,1
female,14,75.08,46.39,30.46,11.02,yes,1
male,11,51.95,37.24,84.32,11.3,yes,1
male,15,80.4,54.92,75.29,18.0,yes,1
female,11,77.56,70.54,54.87,7.96,no,1
male,10,93.45,58.71,30.61,3.27,no,1
female,15,65.74,25.63,58.7,11.95,yes,1
female,14,85.83,63.03,96.2,2.67,no,1
female,16,62.92,51.76,88.64,7.75,yes,1
female,13,87.07,74.18,60.33,6.39,no,1
female,17,100.0,91.19,98.54,9.48,no,0
male,13,88.62,89.29,19.9,7.42,yes,1
male,16,93.25,84.15,69.38,4.64,no,1
male,10,88.7,94.12,68.49,4.61,no,0
male,10,82.13,70.27,71.74,14.54,yes,1
male,17,100.0,99.36,99.37,5.29,no,0
female,17,79.04,100.0,84.18,15.4,no,1
male,18,88.07,87.22,51.69,3.75,no,1
male,12,67.14,83.3,91.53,3.53,no,0
male,10,100.0,68.72,76.16,12.37,no,1
male,18,96.78,57.34,29.92,11.54,yes,1
female,15,89.96,66.59,29.79,18.0,no,1
female,12,63.5,69.94,85.68,12.08,no,1
female,16,79.31,46.47,56.76,5.93,yes,1
female,18,61.15,42.94,36.87,9.21,yes,1
male,12,64.04,20.0,56.25,10.38,yes,1
female,16,96.52,99.57,82.55,6.09,no,0
male,17,92.05,68.47,74.51,4.69,no,1
male,14,83.14,79.29,48.06,6.01,no,1
male,15,64.2,69.32,93.94,10.22,yes,1
female,12,73.51,62.8,78.08,7.46,yes,1
male,18,84.09,95.11,60.96,10.27,no,1
male,18,75.69,52.13,61.69,14.33,no,1
female,18,85.01,100.0,73.47,8.39,no,1
male,16,93.08,89.39,55.67,6.87,no,1
female,10,86.86,75.35,81.81,4.98,no,1
male,13,72.04,94.8,52.05,6.35,no,0
male,14,100.0,53.3,74.73,6.78,no,1
male,18,56.13,55.38,54.97,2.49,no,1
female,14,66.64,81.11,30.87,13.95,yes,1
male,14,64.56,20.0,89.62,7.93,yes,1
male,11,90.78,80.97,68.07,12.77,no,1
male,17,78.74,66.51,63.73,9.87,yes,1
other,13,85.52,89.51,15.0,14.06,yes,1
female,10,80.45,46.67,56.25,8.31,no,1
female,18,79.04,83.75,68.3,5.95,yes,1
male,11,91.35,63.05,70.49,12.07,no,1
other,10,68.46,64.85,37.23,3.03,no,1
female,10,100.0,52.45,79.73,3.75,no,1
female,14,71.73,54.59,82.6,3.99,no,1
male,10,77.03,64.46,83.11,5.39,yes,1
male,17,93.68,54.2,64.21,6.06,no,1
male,14,75.31,69.84,15.0,14.46,yes,1
female,12,83.07,61.39,49.06,12.58,no,1
male,10,81.93,38.59,40.25,8.69,yes,1
male,14,53.28,37.56,73.26,9.26,yes,1
male,11,88.21,77.39,18.1,8.68,no,1
female,18,82.23,67.56,67.93,4.78,no,1
male,12,80.87,72.55,92.66,11.05,no,0
female,14,94.14,83.14,76.13,5.09,no,0
female,10,84.93,75.32,76.13,6.72,yes,1
female,11,84.88,67.04,46.45,6.16,no,1
male,11,81.37,41.29,31.16,5.63,yes,1
female,10,72.6,59.22,85.87,10.11,yes,1
female,16,61.29,53.53,61.82,10.89,yes,1
female,18,68.9,34.63,61.86,7.04,yes,1
male,18,68.41,43.75,39.87,10.71,yes,1
male,12,80.64,60.49,77.81,4.39,no,1
male,17,77.14,54.67,39.37,6.95,yes,1
female,14,74.82,45.82,81.36,5.44,yes,1
male,10,69.91,83.31,100.0,1.79,no,0
male,10,52.18,20.32,59.71,17.58,yes,1
male,14,94.1,46.72,64.57,4.26,no,1
female,13,79.22,66.66,30.39,6.78,no,1
male,10,92.62,69.19,45.68,4.67,no,1
female,18,98.37,48.73,94.99,13.79,no,1
female,16,56.75,36.29,41.47,6.96,yes,1
male,14,55.06,39.58,53.32,9.57,yes,1
female,18,100.0,65.71,87.8,3.73,no,1
male,18,93.22,74.43,93.68,9.99,no,1
female,18,83.97,61.41,72.41,6.73,no,1
female,12,60.79,69.65,52.72,9.44,yes,1
female,17,82.87,79.81,77.29,2.0,no,1
male,14,57.71,33.09,39.7,18.0,yes,1
female,16,82.6,59.51,49.67,8.76,yes,1
female,17,62.68,47.98,67.41,6.59,yes,1
female,11,100.0,91.44,79.34,1.45,no,0
female,14,67.19,48.39,98.37,5.74,yes,1
male,11,76.48,84.28,83.9,5.4,no,1
male,12,83.88,72.67,87.72,10.09,no,1
male,13,57.51,83.87,56.72,6.44,no,1
female,17,87.55,92.65,85.45,1.52,no,0
male,17,86.96,75.15,62.99,5.39,no,1
male,13,81.9,53.8,58.12,16.01,yes,1
female,12,49.36,54.11,72.39,8.16,yes,1
female,14,100.0,69.11,76.9,6.46,no,1
male,18,81.85,84.88,100.0,8.29,yes,0
female,18,87.02,59.26,85.7,11.4,yes,1
male,12,71.37,51.51,81.19,6.92,yes,1
female,11,84.17,50.65,73.76,4.16,yes,1
male,16,54.35,26.59,91.74,6.1,yes,1
female,12,80.56,66.9,34.13,7.79,yes,1
female,11,79.75,58.88,100.0,5.03,no,1
female,10,52.18,63.57,42.16,7.9,yes,1
male,13,75.51,51.31,65.84,3.85,no,1
female,13,89.07,74.04,77.11,10.14,no,1
male,15,62.11,64.4,82.2,6.39,yes,1
male,11,93.51,37.56,55.24,5.42,no,1
female,16,67.3,100.0,66.77,1.61,no,0
male,16,63.47,53.2,68.76,8.39,no,1
female,14,88.47,60.26,56.65,10.33,yes,1
female,11,82.85,67.14,66.37,18.0,yes,1
male,14,59.41,57.62,100.0,6.31,yes,1
female,16,88.96,76.38,74.55,14.19,no,1
male,13,100.0,87.96,62.77,2.57,no,0
female,12,94.03,80.31,52.66,4.14,no,1
male,14,90.78,100.0,70.15,1.85,no,0
female,13,100.0,80.36,50.08,17.23,no,1
male,13,80.23,100.0,84.42,6.98,no,0
male,13,72.37,72.42,68.14,11.03,yes,1
male,12,88.79,43.11,67.66,2.76,no,1
other,16,68.73,99.78,95.73,4.6,yes,1
female,14,67.32,48.81,46.76,8.02,yes,1
female,14,89.87,95.93,73.85,3.49,no,0
female,15,89.41,72.43,87.5,1.05,no,0
female,13,59.42,62.98,76.06,8.21,yes,1
female,10,98.62,60.98,99.0,5.42,no,1
male,17,60.28,56.01,67.71,11.29,yes,1
female,10,69.38,53.95,78.92,4.7,yes,1
female,15,68.46,83.26,48.03,5.95,yes,1
male,12,93.3,79.02,92.53,2.84,no,0
male,11,63.57,74.98,83.29,10.43,no,1
female,10,82.69,23.37,78.23,14.3,yes,1
male,18,63.88,44.63,29.97,10.73,yes,1
female,13,86.64,64.57,43.67,8.16,yes,1
male,13,66.26,61.58,65.82,14.83,yes,1
male,16,88.41,87.38,28.28,6.19,no,1
female,10,100.0,66.15,75.86,10.46,no,1
male,15,85.67,72.78,95.08,6.93,no,1
male,14,100.0,90.9,65.63,1.2,no,0
female,14,89.47,35.54,68.26,0.59,no,1
female,11,76.99,67.43,40.67,7.86,yes,1
male,18,72.84,52.66,41.61,13.06,yes,1
male,12,99.17,57.4,67.13,3.45,no,1
female,16,80.77,77.38,54.71,12.15,no,1
other,16,77.19,91.64,53.72,8.54,no,1
female,13,81.34,88.63,62.12,11.49,no,0
male,11,90.2,69.84,70.9,3.94,no,1
male,12,86.35,86.01,100.0,2.45,no,0
male,17,97.52,85.89,68.9,2.17,no,0
male,18,87.66,56.6,66.19,11.37,yes,1
female,18,60.29,34.91,49.62,5.31,yes,1
male,12,63.19,35.84,49.39,5.39,yes,1
female,15,54.77,59.41,29.32,7.3,yes,1
female,11,96.36,57.33,31.72,10.04,yes,1
female,16,92.66,55.26,54.27,2.87,no,1
male,13,94.76,45.04,70.31,10.32,no,1
female,16,72.92,85.31,86.37,11.59,no,1
female,16,71.99,49.25,27.84,4.34,yes,1
female,18,95.11,77.29,66.12,7.02,no,1
male,14,68.97,77.84,35.4,7.47,yes,1
male,13,84.91,37.06,46.24,13.32,yes,1
female,14,99.74,57.28,79.36,11.18,yes,1
male,11,60.64,43.27,51.96,9.85,yes,1
male,11,59.73,52.08,59.14,8.75,yes,1
female,14,78.47,91.83,100.0,1.39,no,1
female,17,100.0,50.73,75.24,18.0,no,1
female,14,100.0,81.12,62.32,1.93,no,1
male,17,70.37,74.5,53.86,18.0,yes,1
female,11,89.44,69.02,52.1,8.1,no,1
male,14,79.2,69.8,83.57,3.6,no,0
female,15,82.68,64.7,69.28,7.2,yes,1
female,13,84.44,77.52,51.39,1.34,no,1
male,10,85.88,81.32,79.15,5.34,no,1
male,10,96.31,80.98,73.88,1.29,no,1
male,18,69.74,42.29,60.8,14.69,yes,1
other,15,86.18,87.84,90.96,6.25,no,1
female,12,72.13,76.67,68.59,9.1,yes,1
female,12,81.54,60.98,54.54,9.56,yes,1
female,10,91.76,34.09,76.8,10.42,yes,1
male,18,96.03,70.16,60.28,4.08,no,1
female,10,81.64,61.11,36.23,8.49,yes,1
male,16,69.6,39.69,15.0,18.0,yes,1
male,12,63.51,40.24,49.74,14.03,yes,1
female,13,96.85,49.45,61.21,7.87,no,1
female,12,91.05,81.72,83.16,3.6,no,0
male,17,71.93,74.66,40.52,0.88,no,1
female,10,68.06,31.67,48.35,11.29,yes,1
female,13,71.01,63.62,68.46,9.55,yes,1
female,12,82.87,71.1,57.46,4.42,no,1
female,12,89.78,66.26,67.37,8.93,yes,1
male,11,94.76,65.74,65.97,2.03,no,1
male,18,100.0,59.18,75.41,2.55,no,1
male,13,92.16,59.67,77.71,10.04,no,1
female,13,89.98,63.39,93.15,0.66,no,0
female,13,77.76,72.3,68.66,9.15,no,1
male,18,72.14,60.37,36.35,16.49,yes,1
male,13,89.16,68.95,67.76,7.19,no,1
male,13,55.59,39.23,71.47,10.96,yes,1
female,12,82.53,66.38,57.62,2.53,no,0
female,12,68.12,98.12,56.79,6.84,yes,1
male,10,76.96,45.67,53.05,7.82,yes,1
male,15,94.54,63.07,74.14,1.68,no,1
female,10,65.02,100.0,41.83,6.68,yes,1
male,12,77.63,64.74,26.67,9.54,yes,1
female,11,86.82,49.92,85.37,3.65,no,1
male,12,37.56,59.48,77.35,9.87,yes,1
male,16,83.18,57.44,34.74,10.02,no,1
female,15,84.95,72.54,66.64,9.84,yes,1
male,18,51.82,42.62,79.5,11.01,yes,1
male,13,73.35,50.96,70.73,5.27,yes,0
male,18,100.0,97.75,59.5,9.9,no,1
male,10,79.87,81.06,59.02,1.23,no,1
male,14,72.03,73.57,61.46,7.46,yes,1
male,17,73.35,78.96,80.46,2.11,no,0
male,14,100.0,64.89,77.72,0.89,no,0
male,18,88.0,81.78,72.76,5.64,no,1
female,12,89.56,91.35,56.51,7.41,no,1
female,10,100.0,74.16,74.61,12.69,no,1
male,16,96.94,100.0,84.48,6.19,no,0
male,10,78.49,85.61,79.61,2.67,no,1
female,16,81.23,75.39,78.0,3.59,no,1
female,16,77.94,62.02,90.23,5.03,yes,1
female,17,64.51,48.2,48.76,7.88,yes,1
male,14,63.59,39.98,99.07,5.05,no,1
male,18,71.36,56.56,46.79,11.21,yes,1
male,11,54.24,49.54,70.96,12.51,yes,1
male,13,91.4,51.34,82.2,11.05,yes,1
female,11,74.12,63.4,54.73,6.44,yes,1
male,16,78.14,72.34,100.0,1.91,no,0
male,16,80.62,84.38,75.44,8.12,no,1
male,17,66.33,82.61,60.21,0.86,no,0
female,16,58.81,48.67,44.27,18.0,yes,1
male,12,100.0,50.12,96.39,2.87,no,1
female,10,98.78,86.65,67.62,14.78,yes,1
male,18,97.72,69.73,56.96,3.29,no,1
female,14,87.9,70.71,73.49,7.53,no,1
male,10,83.82,66.52,79.66,1.96,no,0
female,18,77.52,64.19,66.86,5.26,no,1
female,18,100.0,96.7,100.0,1.1,no,0
other,14,86.74,94.18,80.21,6.42,no,1
female,16,100.0,79.11,74.89,1.94,no,0
female,10,100.0,70.28,97.44,2.2,no,0
female,10,51.11,55.91,53.43,7.73,yes,1
female,12,81.01,73.18,94.13,4.31,no,0
male,15,63.97,42.96,29.98,11.21,yes,1
female,11,71.04,63.41,51.83,10.75,yes,1
female,10,88.28,64.94,94.88,5.65,no,0
female,16,100.0,76.04,95.26,9.13,no,0
male,16,59.07,49.27,46.08,10.62,yes,1
male,16,74.75,67.65,43.98,10.94,yes,1
female,17,79.4,48.09,70.21,6.19,yes,1
male,17,88.98,83.36,55.79,9.58,no,1
male,15,73.32,43.5,46.17,12.84,yes,1
male,14,76.46,62.84,91.78,5.83,no,0
male,17,90.28,63.54,57.21,8.63,no,1
male,13,95.14,54.85,40.62,4.98,no,1
male,10,92.93,88.25,43.58,13.09,no,1
male,16,78.84,42.5,60.18,9.47,yes,1
male,12,88.95,46.82,26.46,8.86,yes,1
male,18,100.0,92.09,70.65,6.65,no,0
female,13,72.86,48.87,25.94,18.0,yes,1
male,17,57.94,42.99,89.52,7.37,yes,1
female,10,64.8,29.81,98.97,10.37,yes,1
female,15,69.36,71.33,40.95,7.56,yes,1
female,14,92.03,85.55,80.62,4.86,no,0
male,14,83.26,83.82,58.71,2.66,no,1
female,12,77.77,80.6,70.43,6.82,no,1
female,18,74.74,73.18,100.0,5.16,no,1
female,13,69.19,63.61,58.6,8.52,no,1
female,17,86.18,58.96,61.85,10.05,no,1
female,13,71.36,92.64,50.03,11.03,no,1
female,10,76.99,84.24,96.63,3.66,no,0
male,17,67.27,46.91,15.0,10.66,yes,1
female,11,72.97,72.64,59.03,11.47,no,0
male,12,76.56,53.2,59.17,6.64,yes,1
female,17,80.88,39.95,48.1,9.55,yes,1
female,18,65.41,60.84,75.54,6.78,yes,1
male,18,66.76,51.35,72.64,18.0,yes,1
female,13,78.45,42.76,25.58,15.39,yes,1
male,16,80.43,48.33,100.0,7.43,no,1
female,12,79.61,46.98,50.38,7.35,no,1
male,16,86.36,52.06,83.2,7.0,yes,1
female,14,99.61,70.64,69.7,12.24,no,1
male,10,79.22,44.0,50.93,8.17,yes,1
female,13,100.0,82.41,68.63,3.23,no,1
female,14,48.27,44.95,50.4,14.4,yes,1
female,12,88.25,67.23,63.75,7.89,yes,1
female,13,93.7,69.07,59.44,3.33,no,1
female,14,100.0,59.41,62.79,8.83,no,1
female,10,93.65,73.83,62.13,2.05,no,1
male,11,89.59,51.8,54.13,7.49,no,1
female,16,85.7,80.63,61.29,5.6,no,1
male,13,93.41,57.01,46.3,8.37,no,1
female,15,68.26,72.69,52.44,10.96,yes,1
male,15,82.41,52.58,58.78,18.0,yes,1
female,14,52.96,63.0,62.17,9.95,yes,1
female,13,65.5,40.04,95.54,7.88,yes,1
male,14,100.0,61.16,36.21,5.18,no,1
female,17,64.49,52.09,68.45,10.91,yes,1
female,18,86.14,90.73,67.12,14.17,no,1
female,12,78.41,98.67,90.68,7.8,no,1
female,16,93.03,72.66,88.9,2.87,no,0
female,18,80.16,100.0,64.03,18.0,no,1
female,10,69.77,53.37,54.11,13.79,yes,1
male,17,82.19,75.58,46.61,6.74,yes,1
male,14,80.61,56.93,87.05,2.2,no,1
male,18,98.46,78.72,42.18,1.87,no,1
female,15,81.87,20.53,73.98,9.0,yes,1
male,17,84.66,40.05,59.58,9.15,yes,1
female,11,90.69,79.47,67.23,3.17,no,1
female,11,100.0,51.0,71.81,1.65,no,1
male,18,84.65,64.83,57.13,6.24,yes,1
female,14,92.9,86.5,99.35,7.9,no,0
female,15,78.49,63.98,100.0,4.22,no,0
male,11,70.84,42.5,81.96,6.45,yes,1
male,12,100.0,64.41,65.82,5.58,no,1
male,17,92.51,42.55,71.34,10.32,yes,1
male,12,100.0,70.38,88.12,6.78,no,0
male,15,98.42,73.63,59.35,5.44,no,1
female,12,56.93,41.1,37.31,8.88,yes,1
male,12,94.85,98.79,65.86,10.94,no,0
male,11,74.1,60.49,90.54,2.31,no,1
female,18,71.15,94.26,46.99,4.44,no,1
female,18,74.87,41.34,47.02,5.0,yes,1
female,11,95.28,73.16,86.31,4.04,no,0
female,13,99.84,90.93,76.75,5.85,no,0
male,15,94.97,90.1,92.49,8.78,no,0
male,13,78.38,51.28,34.6,5.03,yes,1
other,16,77.18,80.88,100.0,5.73,no,0
female,12,87.74,78.74,39.32,15.48,no,1
female,10,70.91,63.36,39.48,7.11,no,1
male,13,64.96,69.86,74.94,1.98,no,1
female,15,80.89,87.8,39.58,8.05,yes,1
female,11,62.96,53.55,59.3,11.26,yes,1
male,17,99.47,81.06,74.67,3.28,no,1
female,10,100.0,82.75,72.48,6.19,no,1
female,10,64.57,22.62,44.84,9.95,yes,1
male,14,96.08,79.36,83.79,4.95,no,1
male,14,81.07,55.73,70.29,1.81,no,1
female,12,49.85,36.56,79.87,7.02,yes,1
male,12,73.48,92.59,47.75,18.0,yes,1
male,10,83.35,67.95,58.64,3.86,no,1
male,15,83.72,60.16,45.62,4.2,no,1
male,13,95.7,76.44,56.9,8.18,yes,1
female,11,70.69,56.84,44.15,8.64,no,1
female,13,93.59,64.84,51.7,4.35,no,1
male,18,77.06,91.98,85.49,5.03,no,1
other,12,99.9,72.68,44.0,5.74,no,1
female,18,92.58,47.01,92.42,9.26,no,1
male,12,93.55,80.7,78.87,5.04,no,0
female,11,60.66,39.66,59.21,9.42,yes,1
male,12,79.81,96.64,57.37,3.4,no,1
other,12,83.13,48.3,73.76,10.28,yes,1
female,11,100.0,88.82,75.95,7.49,no,1
female,15,77.76,86.41,47.65,11.83,yes,1
male,13,78.23,58.38,70.6,14.91,no,1
female,16,76.07,54.91,29.71,6.86,yes,1
male,14,100.0,64.22,30.56,9.19,yes,1
male,13,73.23,44.28,39.84,8.37,yes,1
male,14,100.0,76.32,73.29,13.28,no,0
female,11,80.12,68.4,66.94,8.02,no,1
male,16,71.49,54.08,78.88,5.38,yes,1
female,10,96.43,72.78,59.44,3.19,no,1
female,16,93.77,73.14,86.34,4.01,no,0
male,18,62.8,48.62,57.95,5.56,yes,1
male,16,79.29,62.42,59.03,5.46,no,1
male,14,100.0,63.12,82.94,3.51,no,1
female,12,86.3,56.1,49.81,18.0,yes,1
female,17,100.0,71.28,64.68,6.25,no,1
male,12,93.65,50.98,60.76,7.9,yes,1
female,14,90.62,77.18,73.67,2.44,no,0
male,16,85.27,42.96,73.23,4.89,no,1
female,18,100.0,60.31,59.57,12.59,no,1
female,18,97.56,67.52,52.51,4.41,no,1
female,10,77.21,58.3,77.35,4.92,no,1
female,18,76.6,98.07,52.55,10.07,no,1
female,11,77.9,58.3,41.63,10.13,yes,1
male,15,69.87,60.83,46.67,12.53,yes,1
male,18,88.68,64.27,89.21,6.54,no,1
male,15,84.87,57.75,63.34,10.3,yes,1
female,18,81.11,38.56,50.44,5.31,yes,1
female,13,87.96,55.28,49.72,6.17,yes,1
female,12,65.82,57.01,87.44,5.7,no,1
female,12,75.04,53.56,16.86,6.62,yes,1
male,13,80.34,20.0,74.35,8.89,yes,1
female,16,53.68,27.95,26.27,6.02,yes,1
male,14,64.14,69.42,25.52,14.12,yes,1
male,16,78.91,85.29,66.74,2.86,no,1
female,13,72.26,79.1,99.06,6.43,yes,1
other,12,100.0,94.2,100.0,1.66,no,0
female,11,100.0,82.77,88.72,7.77,no,0
male,14,62.23,38.75,66.42,8.89,yes,1
female,18,95.32,55.4,33.48,9.89,no,1
male,17,95.71,90.35,78.82,3.42,no,0
female,12,93.65,73.03,66.11,2.13,no,1
female,14,76.79,97.9,45.3,8.74,yes,1
male,16,75.64,52.16,53.79,15.13,yes,1
male,15,100.0,100.0,67.52,1.28,no,0
male,10,100.0,69.49,91.65,6.04,no,0
other,15,76.28,93.38,41.15,6.45,no,1
male,10,98.55,99.15,68.35,12.27,no,0
female,11,82.71,41.63,44.18,6.7,yes,1
female,15,92.78,64.24,68.63,1.21,no,1
female,10,100.0,55.47,81.48,3.67,no,1
male,13,91.26,52.32,46.89,8.45,no,1
female,15,74.41,68.67,62.96,9.1,yes,1
male,15,73.45,54.85,56.18,10.89,yes,1
female,14,64.78,60.84,64.11,2.24,no,0
female,10,88.04,80.9,67.53,4.22,no,1
female,17,80.98,42.28,73.22,5.23,no,1
female,18,57.76,66.59,46.18,5.46,yes,1
male,17,89.21,52.41,60.13,9.21,yes,1
female,16,95.05,80.52,70.99,3.95,no,1
male,13,88.64,81.93,56.0,18.0,no,1
male,17,82.22,93.93,100.0,4.96,no,0
male,14,92.55,70.32,74.47,12.68,no,1
male,11,100.0,38.02,69.11,6.86,no,1
male,17,79.08,72.91,78.63,4.56,no,0
male,12,88.94,75.21,48.52,11.53,no,1
male,18,99.42,55.45,68.14,1.98,no,0
female,13,65.77,74.36,70.24,3.61,no,1
female,17,88.31,66.22,44.56,8.77,no,1
male,14,83.85,50.52,82.97,0.66,no,1
male,14,87.39,82.74,66.9,4.85,no,1
male,12,82.98,62.98,69.6,4.82,no,1
female,17,90.65,65.5,65.76,5.91,no,0
male,10,100.0,64.6,100.0,4.25,no,0
male,14,85.11,91.77,55.07,8.55,no,1
male,13,92.5,71.35,38.76,2.81,no,1
male,14,100.0,73.27,38.2,9.31,no,1
male,12,82.4,64.95,89.67,2.18,no,0
female,15,93.78,65.41,84.06,10.22,yes,1
female,13,89.06,93.59,54.73,10.69,no,1
female,11,100.0,82.37,99.02,2.62,no,0
female,11,81.0,68.99,73.35,7.13,yes,1
female,16,92.69,81.7,63.59,9.52,no,1
male,12,88.21,49.92,71.31,5.64,no,1
female,12,64.51,31.98,63.26,5.22,yes,1
female,15,89.91,68.72,91.79,5.79,no,0
male,12,99.77,60.39,83.15,7.65,no,0
female,13,88.84,54.97,54.82,9.77,no,1
male,12,85.2,42.05,72.86,6.12,no,1
female,13,85.99,50.46,100.0,7.01,no,1
female,16,100.0,67.9,71.52,13.46,no,1
female,14,100.0,70.89,82.65,8.94,no,0
female,18,63.99,33.31,69.72,8.14,yes,1
female,16,80.98,73.26,80.92,4.53,no,1
female,10,93.55,65.06,68.96,10.42,no,1
female,13,100.0,89.45,92.15,6.04,no,0
male,12,100.0,69.41,88.94,5.46,no,0
female,15,73.98,83.14,80.75,4.05,no,0
female,12,85.83,75.25,54.51,10.17,no,1
male,18,60.83,23.57,66.94,6.74,yes,1
male,12,85.79,70.55,74.79,3.62,no,1
female,14,100.0,52.23,61.45,10.15,no,1
male,11,71.93,70.27,100.0,10.08,no,1
male,18,69.57,60.08,39.3,18.0,no,1
male,18,79.06,78.11,93.25,4.87,no,1
male,17,92.45,50.52,60.47,4.1,no,0
male,13,96.45,72.24,78.36,4.4,no,1
female,10,77.25,67.16,100.0,5.36,yes,1
male,16,100.0,86.52,58.68,0.78,no,1
female,13,67.84,59.77,62.97,6.11,no,1
female,18,100.0,72.28,75.68,3.88,no,1
male,16,85.25,74.95,60.75,2.89,no,0
male,14,80.78,82.75,75.91,9.41,yes,1
female,18,73.12,48.3,66.38,6.2,no,1
male,17,89.06,57.42,87.77,4.63,no,0
male,14,91.84,100.0,52.07,4.72,no,1
female,10,85.87,53.63,27.48,7.85,yes,1
other,10,52.98,20.0,46.88,12.02,yes,1
female,13,89.37,62.68,47.77,3.44,no,1
male,15,75.98,27.7,100.0,2.44,no,1
female,10,78.07,61.85,32.46,7.73,yes,1
female,11,81.33,70.96,41.32,9.93,yes,1
male,16,100.0,57.41,74.45,8.33,no,1
female,16,65.58,50.47,40.45,18.0,yes,1
male,10,100.0,86.78,48.67,5.43,no,1
male,14,100.0,44.0,100.0,12.78,no,1
female,10,52.28,24.85,41.97,7.23,yes,1
male,16,96.35,68.35,72.47,2.82,no,1
male,17,83.5,45.96,56.23,10.8,yes,1
female,17,68.9,53.3,72.79,11.47,yes,1
other,15,74.47,51.78,84.32,5.8,no,0
female,15,100.0,75.43,52.12,18.0,no,1
female,18,74.61,69.61,70.14,3.36,no,1
other,15,69.86,66.79,46.92,15.31,yes,1
male,14,71.52,61.21,73.48,6.88,yes,1
male,16,97.59,75.31,54.97,7.85,no,1
male,15,81.48,48.86,100.0,5.27,no,0
male,17,80.78,79.88,62.33,6.06,no,1
female,14,73.19,52.71,59.84,10.85,yes,1
male,17,100.0,69.33,55.12,5.4,no,1
male,10,100.0,88.77,52.63,4.71,no,1
male,10,70.91,60.49,60.26,1.1,no,1
male,10,75.78,79.62,33.53,13.17,yes,1
female,15,75.96,95.11,68.54,1.89,no,0
male,16,84.23,70.04,42.38,7.91,yes,1
male,11,77.74,56.31,88.52,6.36,no,1
male,11,80.9,37.02,61.91,2.19,no,1
female,17,81.93,89.26,59.91,4.7,no,0
female,16,88.09,73.78,59.93,8.52,no,1
female,15,92.88,60.08,93.87,3.85,no,0
male,14,94.8,90.78,79.87,4.76,no,0
male,13,88.93,58.22,74.21,2.55,no,1
female,10,73.04,65.21,50.21,4.18,no,1
female,11,80.73,66.4,39.43,5.93,yes,1
female,18,88.36,54.18,52.99,5.87,no,1
female,13,100.0,70.25,99.52,1.57,no,0
female,16,80.51,89.43,85.55,3.27,no,0
male,16,69.77,75.38,60.49,5.3,no,0
male,12,88.59,91.96,65.84,4.49,no,1
female,11,87.55,76.14,45.14,10.59,yes,1
male,16,90.93,72.12,60.05,4.77,no,1
female,10,69.6,20.61,68.29,5.09,yes,1
female,14,61.56,28.31,54.82,6.16,yes,1
female,17,100.0,84.21,100.0,5.13,no,0
female,16,59.64,21.2,73.51,13.95,yes,1
female,16,80.3,66.77,90.57,8.87,no,1
female,10,95.84,77.42,79.08,18.0,no,1
female,11,49.73,69.51,52.39,7.55,yes,1
female,12,100.0,62.8,77.76,8.34,no,1
male,12,79.49,47.7,53.72,11.97,yes,1
female,11,99.79,71.16,96.34,13.08,no,1
female,18,95.7,77.61,74.28,10.96,no,0
male,11,87.07,69.53,80.72,6.16,no,1
male,16,76.24,88.79,78.29,7.49,no,1
female,15,87.32,59.21,100.0,6.6,no,0
female,15,77.3,73.92,50.19,5.0,no,1
male,11,94.83,79.12,100.0,7.15,no,0
male,12,98.68,65.6,72.65,5.75,no,1
male,15,100.0,85.44,50.69,5.59,no,1
male,12,76.46,60.38,37.46,17.45,yes,1
female,16,100.0,84.62,46.29,6.24,no,1
male,10,68.43,61.11,71.77,9.43,yes,1
male,10,83.26,78.02,57.31,4.58,no,0
female,16,77.68,47.88,63.04,8.31,yes,1
male,15,67.36,47.91,80.42,6.11,yes,1
male,10,92.23,91.59,63.9,5.0,no,1
female,18,76.27,82.17,62.17,10.27,no,1
female,10,78.42,55.63,52.54,3.47,no,1
other,18,96.62,74.89,60.01,17.05,no,1
female,16,99.64,34.02,100.0,0.7,no,1
male,18,60.17,36.82,74.0,10.98,yes,1
female,18,80.05,73.38,55.23,9.89,yes,1
female,12,82.61,70.0,55.99,13.31,no,0
female,16,72.2,59.89,59.23,7.2,yes,1
other,11,100.0,23.74,78.34,1.91,no,1
female,14,81.69,51.72,52.46,8.42,yes,1
female,12,81.55,63.41,69.54,7.95,yes,1
male,14,94.91,65.44,42.84,5.34,yes,1
female,17,63.55,61.4,42.75,9.46,yes,1
male,13,60.17,42.64,66.66,7.72,yes,1
female,10,80.33,69.35,45.96,11.82,no,1
female,12,68.95,36.69,73.12,9.52,yes,1
other,17,60.75,56.73,75.74,2.91,no,1
other,14,86.51,51.81,43.1,5.07,no,1
male,15,82.47,42.43,77.97,5.82,no,1
female,13,98.41,54.64,45.67,7.42,no,1
female,12,76.23,82.14,72.48,9.24,yes,1
male,15,64.79,41.67,46.52,18.0,yes,1
male,15,79.08,61.52,93.32,6.05,yes,1
male,18,97.68,63.78,95.28,3.67,no,1
female,15,79.78,43.35,56.91,2.92,no,1
female,18,66.08,72.98,23.63,8.08,yes,1
other,17,62.3,25.24,62.41,6.29,no,1
male,10,75.91,63.12,54.02,6.0,no,1
other,13,80.09,71.13,100.0,7.3,no,1
male,13,89.89,75.69,75.81,5.5,no,0
female,10,77.66,60.38,92.8,5.72,no,1
male,11,82.84,42.59,70.87,5.57,no,1
female,16,74.3,59.18,72.77,3.81,no,0
female,13,74.05,46.02,59.41,7.61,yes,1
female,11,77.11,45.63,79.92,6.88,yes,1
female,12,93.83,87.52,81.61,7.55,no,0
male,12,89.15,52.58,56.97,0.84,no,1
male,11,70.51,76.82,100.0,5.64,no,0
male,10,81.56,74.53,61.73,8.44,no,1
male,16,67.11,73.37,42.8,13.84,yes,1
female,17,84.16,69.87,25.07,0.6,no,1
female,14,72.9,70.66,71.42,7.89,yes,1
female,15,100.0,69.24,77.82,3.0,no,0
female,18,98.75,78.95,77.8,3.67,no,0
female,17,60.15,21.95,43.75,15.11,yes,1
female,10,80.14,20.0,49.65,7.02,yes,1
male,18,96.68,78.04,60.35,8.43,no,0
male,10,62.33,52.9,68.34,9.69,yes,1
female,10,82.19,65.61,71.5,7.56,yes,1
female,13,87.08,63.6,71.84,3.3,no,1
male,16,55.08,69.84,77.08,10.08,yes,1
female,10,94.46,64.64,74.58,4.89,no,1
female,12,74.6,64.73,50.92,5.26,yes,1
male,12,86.27,81.51,79.57,2.51,no,0
male,13,71.55,85.5,35.53,10.18,yes,1
female,18,63.37,40.93,64.19,5.98,yes,1
female,12,79.32,47.55,23.24,13.17,yes,1
male,11,71.48,34.03,41.5,5.54,yes,1
female,11,74.0,82.84,23.66,8.26,yes,1
male,11,76.29,64.74,56.85,11.7,yes,1
female,11,58.14,53.25,88.97,6.36,yes,1
male,15,78.27,100.0,73.89,1.87,no,0
female,13,62.48,65.2,87.58,6.84,no,1
male,14,78.78,37.16,93.34,12.59,yes,1
male,17,57.45,42.87,67.27,8.47,yes,1
female,15,90.59,56.4,62.23,3.82,no,1
male,11,93.45,65.67,64.7,1.49,no,1
male,13,96.23,65.56,76.01,5.36,no,1
male,12,57.55,36.61,48.61,5.09,yes,1
female,17,88.22,49.71,56.95,11.21,no,1
female,12,92.04,83.48,77.73,8.62,yes,1
other,11,92.57,62.78,78.47,6.55,yes,1
male,16,83.85,54.39,30.36,7.28,yes,1
male,13,93.05,84.12,61.27,5.63,no,1
male,10,59.94,53.54,51.65,7.68,yes,1
female,16,97.62,76.41,86.78,5.03,no,1
other,11,70.1,68.96,80.58,6.28,yes,1
female,17,78.73,60.14,99.64,13.96,yes,1
female,17,81.41,82.72,67.62,3.33,no,1
male,13,86.92,84.05,68.52,0.8,no,0
female,15,73.97,60.6,70.59,7.91,yes,1
female,15,91.96,68.47,63.72,2.97,no,1
male,15,77.92,82.49,48.46,13.55,yes,1
male,10,65.05,50.35,52.53,6.56,yes,1
male,12,72.88,78.26,28.81,3.65,no,1
male,11,91.5,64.62,62.22,9.73,yes,1
male,16,100.0,62.25,72.72,7.33,no,1
male,10,94.37,59.07,89.88,11.66,no,1
female,14,56.11,40.34,60.1,6.72,yes,1
male,16,62.72,38.12,28.41,14.88,yes,1
male,18,78.11,34.67,46.35,13.33,yes,1
female,12,100.0,61.58,38.36,2.94,no,1
female,10,74.45,76.26,54.2,2.68,no,1
female,16,87.51,92.26,87.44,6.54,no,1
male,10,74.35,66.87,55.55,8.95,yes,1
female,10,99.37,30.41,92.61,6.53,no,1
male,18,67.88,68.26,24.6,8.0,yes,1
male,17,70.23,63.07,71.64,5.29,no,1
female,16,96.45,79.25,67.44,4.64,no,1
female,17,100.0,71.77,93.21,6.48,no,0
female,10,71.01,54.92,72.11,6.61,yes,1
female,10,76.86,56.36,71.56,9.56,yes,1
female,12,66.31,57.64,78.75,15.52,yes,1
male,10,78.85,93.51,60.37,11.12,no,1
male,17,100.0,71.69,100.0,5.98,no,1
male,10,76.65,75.37,41.2,6.57,yes,1
male,14,94.88,87.04,47.54,14.9,no,1
female,17,100.0,82.67,89.55,6.48,no,0
male,16,59.34,20.0,23.91,18.0,yes,1
female,12,65.38,75.87,70.31,10.65,yes,1
female,14,73.9,50.67,61.82,4.53,yes,1
female,14,82.23,83.45,86.29,14.84,no,1
male,16,98.4,56.44,65.93,8.52,no,1
male,13,86.75,53.04,77.01,5.16,no,1
other,12,77.09,100.0,85.17,1.19,no,0
female,17,89.79,56.69,55.07,9.11,no,1
female,17,91.04,90.34,63.29,6.61,no,1
female,14,100.0,73.89,75.54,17.42,no,1
female,10,93.72,65.28,66.47,13.18,no,1
male,14,94.53,71.28,59.67,13.78,no,1
female,18,92.84,51.18,74.51,5.88,no,1
male,18,86.74,71.78,100.0,5.71,no,0
female,13,80.41,54.68,68.03,6.66,no,1
female,11,92.47,65.67,67.5,3.17,no,1
female,15,85.0,86.8,45.27,5.26,no,1
male,17,100.0,76.07,75.24,4.57,no,1
male,18,100.0,48.29,78.82,10.69,no,1
female,10,96.59,85.62,82.05,12.04,no,0
male,12,93.54,71.89,77.95,7.84,no,1
male,14,87.94,63.33,93.21,2.8,no,0
male,10,73.87,83.95,80.16,15.42,no,1
male,17,69.41,55.32,71.03,13.08,yes,1
male,11,90.22,53.35,93.72,6.36,no,1
female,15,91.75,100.0,100.0,7.38,no,0
male,18,94.63,71.72,72.95,1.74,no,1
male,16,100.0,70.7,52.11,4.58,no,1
male,16,80.69,65.52,78.95,11.25,no,1
male,12,80.8,90.88,90.05,1.67,no,0
male,17,89.41,49.6,88.26,5.62,yes,1
female,13,98.25,47.28,90.06,9.11,no,1
male,10,67.31,47.14,95.02,11.06,yes,1
male,13,87.71,93.23,87.16,1.68,no,1
male,13,87.77,85.31,80.12,4.3,no,1
male,14,89.38,67.92,51.07,6.36,no,1
male,12,77.67,79.97,65.55,9.88,yes,1
male,14,100.0,69.97,50.05,10.69,yes,1
female,13,91.28,67.73,79.81,4.08,no,1
male,12,96.95,69.35,76.98,6.08,no,1
female,16,51.76,51.27,68.49,11.83,yes,1
female,12,83.18,58.69,74.25,7.46,no,0
male,16,86.75,58.07,76.83,8.16,yes,1
male,12,93.83,76.94,17.98,8.3,no,1
female,17,25.0,20.0,63.42,6.56,yes,1
female,13,80.09,54.97,81.64,7.28,yes,1
male,10,95.02,53.15,84.66,13.11,yes,1
male,11,65.05,88.45,80.18,8.19,no,1
male,17,100.0,42.49,100.0,4.42,no,0
male,17,55.74,53.9,79.04,3.23,no,1
female,11,100.0,64.29,76.05,3.55,no,1
male,15,71.9,73.36,69.53,11.62,yes,1
male,15,43.8,45.3,59.94,10.74,yes,1
female,11,77.35,86.74,45.92,7.08,yes,1
male,14,100.0,82.6,57.73,8.16,no,1
male,16,76.37,51.44,39.98,8.29,yes,1
female,18,96.02,75.83,85.51,2.63,no,0
male,17,67.06,52.33,60.21,7.81,yes,1
male,10,49.66,59.75,53.51,9.52,yes,1
male,12,80.3,36.68,49.8,11.98,yes,1
female,13,93.0,44.82,69.09,11.66,yes,1
male,11,100.0,79.29,90.05,4.86,no,0
male,15,65.15,91.61,55.65,5.96,no,1
male,10,53.82,20.0,36.82,8.58,yes,1
male,11,78.85,93.99,93.18,3.09,no,0
female,10,69.88,69.76,51.25,4.99,no,1
male,12,89.53,41.86,85.85,1.18,no,1
female,16,93.72,23.97,96.1,12.18,no,1
female,11,71.84,47.53,100.0,5.86,no,1
female,18,98.33,71.68,89.28,6.91,no,0
male,12,96.21,70.95,88.76,3.19,no,1
female,10,82.42,82.13,100.0,5.82,no,0
female,13,86.93,63.21,33.98,6.46,no,1
male,16,48.6,28.27,51.64,8.44,yes,1
female,10,85.01,65.39,91.27,4.6,no,0
female,10,89.09,72.54,69.93,1.96,no,0
male,17,74.02,61.69,73.32,18.0,yes,1
female,15,93.55,59.37,75.29,3.15,no,0
male,13,91.93,86.42,78.37,3.45,no,0
female,16,68.83,48.06,46.06,16.65,yes,1
other,17,92.43,58.08,66.59,7.11,no,1
male,13,100.0,63.32,57.15,8.02,no,1
female,15,87.85,89.2,80.88,1.86,no,1
male,10,75.81,55.88,46.06,9.78,yes,1
female,12,69.77,46.89,77.16,5.88,yes,1
female,15,81.24,86.82,87.76,2.83,no,0
male,11,78.27,92.28,70.79,18.0,yes,1
male,18,65.34,61.35,39.68,6.46,yes,1
male,18,76.63,77.74,29.41,11.78,yes,1
male,12,72.34,74.58,59.92,6.63,yes,1
male,13,85.35,62.31,100.0,2.88,no,0
male,11,85.06,72.43,89.79,18.0,no,1
male,14,82.9,51.48,66.02,4.88,no,1
male,11,69.25,68.72,83.64,1.75,no,1
female,13,93.59,61.98,89.1,7.99,no,0
female,14,74.78,51.55,26.37,14.77,yes,1
female,15,82.2,46.0,75.65,12.45,yes,1
male,15,65.62,53.41,56.99,8.6,yes,1
female,11,94.74,66.52,58.37,8.7,yes,1
female,17,67.44,56.09,60.43,7.6,yes,1
male,16,61.5,20.0,80.6,6.24,yes,1
male,16,60.08,34.06,46.41,10.39,yes,1
female,14,68.19,47.69,45.27,4.45,no,1
male,18,100.0,75.9,81.81,1.9,no,0
female,13,100.0,80.05,39.21,4.96,no,1
other,17,96.21,76.1,70.58,3.17,no,0
male,11,78.25,59.4,97.36,6.17,no,0
male,12,93.74,61.95,70.42,9.79,yes,1
other,14,84.78,64.48,94.76,4.04,no,0
female,15,68.77,39.79,71.17,9.11,yes,1
male,16,100.0,83.87,100.0,5.41,no,0
female,12,96.91,85.09,56.41,9.1,no,1
female,17,100.0,87.18,83.17,4.99,no,0
female,12,74.98,48.27,52.11,7.66,yes,1
female,14,84.24,90.87,93.22,4.31,no,0
male,18,81.66,64.1,65.89,13.92,no,1
male,14,66.84,82.46,100.0,2.7,no,1
female,16,85.66,63.83,66.45,4.5,no,1
male,18,100.0,68.42,100.0,4.46,no,0
female,18,79.19,20.0,70.68,8.59,yes,1
female,14,89.24,67.17,75.42,1.35,no,1
male,13,77.06,73.46,85.76,2.18,no,1
female,11,74.72,51.44,64.7,8.3,yes,1
male,14,84.15,86.1,66.41,7.54,yes,1
female,18,94.17,53.4,72.28,6.16,no,1
male,14,91.0,62.98,54.37,9.91,no,1
female,13,79.44,57.52,69.97,6.46,no,1
female,10,99.41,62.98,45.7,5.54,no,1
male,13,51.42,76.5,91.16,6.87,no,1
female,12,93.59,95.65,53.77,5.87,no,1
female,18,100.0,46.79,56.08,9.09,yes,1
female,14,70.9,60.43,78.66,8.9,no,1
female,11,86.1,53.49,91.11,4.22,no,1
other,10,71.91,78.9,28.06,6.15,yes,1
male,17,83.45,89.94,74.35,3.45,no,0
female,18,84.44,56.3,68.28,7.14,yes,1
male,16,94.67,49.66,67.94,16.18,no,1
female,11,90.83,51.09,91.19,10.26,no,1
female,10,98.57,74.73,61.21,5.58,no,1
male,11,89.2,80.79,39.12,3.2,no,1
male,16,100.0,38.94,81.59,8.84,no,1
female,16,90.82,66.86,66.33,5.44,no,0
male,17,91.34,97.89,44.35,4.22,no,1
female,10,68.47,68.52,73.15,5.47,no,1
male,11,65.48,81.83,82.15,8.3,yes,0
other,18,85.77,68.38,37.26,10.82,yes,1
male,18,72.97,54.65,100.0,2.01,no,1
male,16,46.11,41.32,44.92,10.79,yes,1
female,10,72.39,55.94,61.57,8.3,yes,1
female,10,100.0,56.76,45.06,8.96,no,1
male,10,89.51,56.48,67.75,10.4,no,1
male,16,67.97,82.11,48.59,15.76,yes,1
female,17,66.7,56.36,40.19,16.89,no,1
female,15,94.43,89.25,100.0,11.52,no,0
male,12,96.94,65.02,58.08,8.79,no,1
female,16,50.62,45.59,51.1,6.23,yes,1
female,10,100.0,80.99,93.44,0.71,no,0
female,17,81.19,48.42,83.66,13.52,yes,1
female,18,100.0,81.09,96.28,2.82,no,0
female,16,79.0,25.26,29.38,18.0,yes,1
male,17,96.84,79.04,79.85,1.59,no,0
female,15,78.25,20.0,17.14,12.56,yes,1
female,14,99.42,68.37,92.23,5.86,no,0
female,12,50.17,59.67,30.57,5.75,yes,1
male,18,70.99,81.96,61.54,5.83,no,1
male,16,80.17,51.23,75.94,3.08,no,1
female,11,70.44,39.29,68.01,8.89,yes,1
male,18,76.66,46.98,55.3,8.93,yes,1
other,10,75.9,60.98,87.34,7.11,yes,1
male,15,85.41,25.49,73.02,8.05,yes,1
female,11,100.0,71.79,87.61,2.9,no,1
female,15,78.53,76.98,53.87,1.22,no,0
male,13,74.86,53.47,90.59,9.52,yes,1
male,13,78.83,80.41,52.54,11.48,no,1
female,16,69.74,61.58,91.28,7.02,yes,1
female,16,92.86,63.33,100.0,14.98,no,0
male,13,48.1,29.02,76.23,16.85,no,1
female,18,100.0,74.13,94.58,3.81,no,0
female,14,95.8,56.75,20.51,4.45,no,1
male,11,81.85,62.75,72.49,3.87,no,1
male,10,100.0,79.67,95.84,2.25,no,1
male,11,67.83,80.68,76.64,8.46,yes,1
male,16,90.59,71.39,54.04,4.13,no,1
male,14,83.15,80.87,70.71,5.46,no,1
male,13,100.0,48.89,30.35,5.66,no,1
female,14,70.74,61.93,67.43,6.12,yes,1
male,17,73.79,57.04,26.1,11.53,yes,1
female,15,100.0,91.67,96.35,4.43,no,0
male,10,96.02,63.35,97.29,2.45,no,1
male,10,88.35,68.13,67.46,4.36,no,0
female,14,100.0,88.94,85.38,5.8,no,0
female,13,100.0,70.53,63.09,12.78,no,1
male,17,75.81,40.26,55.35,15.57,yes,1
male,15,90.4,100.0,55.35,3.59,no,0
male,16,74.05,40.74,71.2,8.63,yes,1
female,15,87.73,56.96,30.46,6.84,yes,1
male,13,64.81,51.55,27.06,10.41,yes,1
male,15,85.66,76.28,73.81,3.73,no,1
male,15,70.55,68.96,72.2,4.53,no,1
female,16,74.79,69.04,71.9,9.73,no,1
female,11,65.79,54.24,48.31,6.12,yes,1
female,15,88.33,54.15,100.0,11.58,no,1
female,12,100.0,100.0,78.89,6.81,no,0
male,17,95.43,68.48,71.19,11.26,no,1
male,17,78.06,81.55,70.55,8.26,no,1
male,15,80.26,66.65,85.05,9.2,no,0
female,18,100.0,66.32,86.37,5.29,no,1
female,14,100.0,64.71,83.96,2.4,no,0
female,10,89.34,47.2,89.25,3.41,no,0
other,15,83.69,69.43,43.16,2.96,no,1
other,16,100.0,65.49,43.84,0.98,no,1
female,10,60.08,64.74,49.63,13.72,yes,1
male,10,93.7,52.85,72.44,4.9,no,1
male,12,100.0,62.77,86.44,2.79,no,1
male,17,91.46,57.62,67.36,16.46,no,1
female,14,79.69,95.08,77.47,18.0,no,1
male,18,76.92,44.09,37.58,5.91,yes,1
female,17,83.36,81.0,75.81,4.46,no,0
female,14,55.27,61.52,35.86,8.27,yes,1
female,16,97.41,69.66,82.96,2.63,no,0
male,12,85.41,35.97,17.19,13.58,yes,1
male,10,85.27,50.17,82.27,0.99,no,1
male,13,84.47,85.76,40.56,13.96,no,1
female,15,77.46,51.83,69.1,5.43,no,1
female,11,70.2,64.27,67.11,18.0,yes,1
female,11,82.25,73.83,80.09,5.14,no,0
male,10,76.87,78.03,46.38,4.26,no,1
male,16,100.0,79.55,54.9,10.05,no,1
male,18,94.6,57.06,39.98,15.58,no,1
female,17,78.87,42.39,20.49,18.0,yes,1
female,13,99.6,83.44,78.12,1.4,no,0
male,15,81.25,47.93,61.09,15.89,yes,1
female,18,67.04,20.0,67.93,8.11,yes,1
male,15,92.27,82.38,86.85,4.79,no,1
female,12,85.77,55.42,75.79,4.05,no,1
male,13,77.26,65.47,55.08,7.41,yes,1
male,16,76.1,80.29,40.68,8.5,yes,1
female,14,67.41,58.27,52.08,6.56,yes,1
male,17,56.05,61.93,27.22,15.93,yes,1
male,17,90.75,74.46,51.79,8.18,no,1
male,10,69.55,83.4,61.6,10.11,yes,1
male,16,66.32,55.01,73.88,4.05,no,1
female,13,78.09,57.87,100.0,7.57,yes,0
female,14,83.58,68.77,35.78,10.99,yes,1
female,12,100.0,68.95,73.75,6.25,no,1
male,13,67.31,76.44,25.37,14.49,yes,1
female,12,82.54,65.09,69.02,3.61,no,1
male,10,75.69,100.0,69.75,3.37,no,1
male,17,91.5,100.0,91.21,7.97,no,0
male,11,91.43,76.51,58.91,9.05,no,1
female,13,62.26,54.84,47.56,18.0,yes,1
female,11,86.9,91.07,68.25,1.34,no,0
female,11,65.26,53.0,41.78,12.34,no,1
female,13,100.0,51.01,64.26,5.78,no,1
female,18,62.75,66.1,53.13,7.76,yes,1
female,18,88.58,76.38,77.33,7.05,no,1
female,13,54.88,42.38,70.06,10.89,yes,1
male,14,65.01,58.18,55.78,7.84,yes,1
male,18,85.64,33.82,71.46,1.43,no,1
male,12,71.86,54.95,20.03,16.36,yes,1
female,18,77.76,45.95,69.72,7.16,yes,1
female,10,89.27,72.69,47.47,6.82,yes,1
female,12,97.79,87.92,89.45,3.39,no,0
male,13,83.55,67.23,74.7,12.77,yes,1
female,10,100.0,78.33,72.62,4.17,no,0
male,17,78.84,34.04,41.58,7.43,yes,1
male,17,88.56,81.45,75.7,6.75,no,0
male,13,84.11,68.07,66.28,10.15,yes,1
male,17,100.0,91.92,70.32,3.49,no,0
female,16,79.78,91.89,49.85,5.4,yes,1
male,17,54.54,20.0,61.14,12.65,yes,1
female,17,61.9,39.78,68.96,10.23,yes,1
male,15,68.7,46.12,53.77,5.04,yes,1
male,10,81.36,60.76,21.23,17.45,yes,1
female,18,88.74,72.21,84.21,1.0,no,0
male,15,100.0,68.25,62.19,2.98,no,1
other,18,87.78,74.44,63.86,7.12,yes,0
female,18,100.0,54.38,78.72,3.52,no,0
female,11,100.0,55.34,42.0,3.44,no,1
male,13,59.56,29.61,61.46,6.05,yes,1
male,11,77.79,52.23,69.26,9.84,yes,1
female,10,64.71,26.34,62.47,13.56,yes,1
male,18,52.21,45.22,62.11,9.79,yes,1
male,18,85.55,69.35,40.41,6.45,no,1
male,18,100.0,59.42,98.99,4.23,no,0
female,17,94.53,85.98,83.4,5.65,no,1
female,15,100.0,71.05,54.34,6.76,no,1
female,14,91.13,89.0,52.82,8.19,no,1
female,18,100.0,54.88,64.16,7.25,yes,1
male,14,74.13,57.61,72.24,6.95,yes,1
female,15,72.27,49.0,51.22,4.72,yes,1
male,11,56.65,45.89,65.86,18.0,yes,1
female,16,85.33,69.4,18.73,18.0,yes,1
male,17,82.97,65.42,57.24,5.03,no,1
other,16,64.24,54.29,22.84,9.22,yes,1
male,14,87.37,45.0,34.85,16.87,yes,1
male,11,100.0,84.14,100.0,2.11,no,0
male,10,85.58,48.72,97.04,6.73,yes,1
male,15,84.65,85.63,71.22,13.36,no,1
male,16,71.39,58.98,48.51,8.2,yes,1
female,16,88.28,96.34,72.01,2.45,no,1
male,18,81.39,39.53,68.52,11.01,yes,1
female,14,100.0,48.38,47.87,3.26,no,1
male,17,76.42,48.14,40.7,15.98,yes,1
female,16,95.7,35.85,85.83,9.62,yes,1
male,12,99.77,49.88,57.18,3.36,no,1
female,17,69.18,67.94,46.52,7.49,yes,1
female,10,81.94,57.93,60.24,10.8,yes,1
male,15,100.0,64.33,81.1,4.56,no,0
female,18,95.98,51.81,48.75,8.16,yes,1
male,15,100.0,62.44,68.39,8.38,no,1
male,18,89.31,98.41,77.94,12.98,no,0
female,10,69.4,46.23,95.31,11.67,yes,1
female,14,95.91,50.85,73.73,3.08,no,1
male,17,92.09,70.74,59.26,6.34,yes,1
male,15,94.21,68.55,94.49,8.08,no,1
female,17,77.45,90.62,50.12,11.66,yes,1
female,14,72.62,49.58,36.16,7.95,yes,1
other,16,68.07,71.54,64.5,8.62,yes,1
female,13,87.05,89.32,95.37,3.21,no,0
female,17,90.63,63.66,82.5,2.38,no,0
male,11,100.0,60.11,74.25,3.4,no,0
female,12,86.12,83.86,49.93,0.55,no,1
male,10,89.63,81.2,65.95,10.64,no,1
female,16,78.62,49.43,98.2,1.83,no,1
male,12,97.6,53.95,53.79,5.1,no,1
female,12,100.0,31.42,71.59,0.85,no,1
female,17,91.49,67.53,53.03,11.5,yes,1
female,13,91.44,67.81,54.44,8.95,no,1
female,11,95.89,69.41,80.46,5.41,no,1
male,10,70.16,30.94,67.98,8.9,yes,1
female,12,95.34,54.43,83.79,3.2,no,0
male,18,75.77,50.35,33.42,14.48,yes,1
male,14,89.7,61.24,46.37,1.52,no,1
male,18,73.65,59.89,64.72,7.77,yes,1
male,11,94.42,81.34,66.89,2.93,no,0
male,13,85.47,100.0,100.0,2.86,no,0
female,11,86.09,71.68,100.0,10.31,no,1
female,13,92.49,75.85,95.83,8.7,yes,1
female,15,100.0,58.72,59.08,3.18,no,1
male,17,74.55,45.2,86.25,6.36,no,1
male,13,56.89,40.36,75.68,10.02,yes,1
male,16,60.51,20.44,64.65,12.85,yes,1
female,15,70.76,58.23,53.62,10.81,yes,1
female,12,82.75,45.51,83.02,8.84,yes,1
male,18,96.1,40.73,76.01,5.07,no,1
female,13,91.06,99.78,78.31,6.62,no,1
male,11,95.35,63.4,48.32,2.61,no,0
male,18,80.69,45.8,87.61,5.94,no,1
male,18,86.07,86.37,62.31,12.8,no,1
male,10,88.76,60.34,84.37,5.41,no,1
female,18,69.99,89.44,80.23,4.03,no,0
female,18,58.06,34.27,63.26,7.99,yes,1
male,17,75.54,63.35,75.18,6.44,no,1
female,12,98.17,77.52,90.16,5.73,no,0
female,15,91.94,81.49,72.42,7.72,no,0
female,14,96.33,84.3,49.81,3.33,no,1
female,15,66.92,70.56,86.24,4.52,no,1
male,15,54.2,54.46,36.44,12.53,yes,1
female,15,96.96,83.93,43.16,8.95,no,0
male,14,38.66,49.21,32.6,13.0,yes,1
other,16,100.0,69.72,81.1,7.98,no,0
male,14,50.12,22.88,49.26,12.15,yes,1
female,10,99.12,81.59,37.61,5.93,no,0
male,10,78.34,72.67,69.09,1.78,no,1
male,18,84.59,51.38,81.05,5.92,yes,0
female,18,100.0,92.44,67.88,5.34,no,0
female,15,61.72,37.15,73.02,5.5,no,1
male,11,97.34,98.3,94.77,2.81,no,0
female,17,50.3,45.64,74.32,6.94,yes,1
female,11,77.12,63.08,78.39,8.82,yes,1
male,13,86.52,65.68,17.09,17.25,no,1
female,12,90.56,45.33,100.0,2.44,no,1
female,10,78.06,69.77,87.46,3.88,no,1
female,17,81.37,63.36,95.31,12.84,yes,1
male,14,71.62,82.82,61.92,7.87,no,1
male,12,86.9,54.83,28.26,10.23,yes,1
female,14,67.09,22.92,60.13,5.18,yes,1
female,10,72.17,47.33,71.04,4.35,no,1
female,13,91.14,90.83,62.77,18.0,yes,1
other,14,88.19,54.52,95.35,2.87,no,1
female,13,100.0,94.83,74.43,2.79,no,0
female,17,100.0,57.05,62.67,12.46,no,1
female,12,79.42,69.08,85.41,4.82,no,0
female,11,70.98,68.0,55.39,5.26,yes,1
male,14,73.45,44.88,53.88,6.21,yes,1
male,17,90.32,83.48,78.67,7.39,yes,1
female,13,94.25,73.21,98.68,6.04,no,0
male,10,91.12,79.37,95.51,4.46,no,0
male,18,69.6,53.72,56.97,6.7,yes,1
female,13,71.39,68.54,21.48,8.51,yes,1
male,11,87.66,83.26,57.33,6.87,yes,1
male,15,89.04,69.9,53.36,15.0,no,1
female,12,84.26,99.68,73.66,2.11,no,1
female,18,82.23,62.21,63.92,3.7,no,1
male,12,82.35,84.23,75.63,3.34,no,1
male,14,55.17,53.83,41.29,7.38,yes,1
male,14,80.0,54.9,52.95,2.3,no,1
female,12,100.0,75.42,89.01,11.88,no,0
female,14,69.52,58.12,33.55,18.0,yes,1
male,10,97.45,58.35,76.01,6.52,no,1
female,15,42.25,51.73,77.18,10.16,yes,1
male,16,95.82,74.34,92.46,1.48,no,0
male,18,87.06,70.84,81.31,11.7,no,0
other,12,83.22,70.9,81.45,2.87,no,0
male,12,91.17,70.56,89.03,1.33,no,0
male,14,66.05,52.12,84.72,11.29,yes,1
male,16,63.51,62.24,74.65,9.84,no,1
female,18,100.0,61.7,33.93,11.63,no,1
female,10,91.92,100.0,66.49,3.74,no,0
other,12,85.23,49.45,88.53,3.44,no,1
male,12,60.41,36.64,48.71,9.84,yes,1
male,12,71.36,63.91,100.0,4.46,no,0
female,14,91.69,100.0,74.86,7.38,no,0
male,17,91.36,36.88,61.53,9.88,yes,1
female,10,91.44,78.81,96.25,2.69,no,1
female,17,72.41,75.97,63.71,11.86,no,1
male,15,91.7,77.34,79.17,7.41,no,1
female,15,88.36,91.78,83.18,9.69,no,1
male,16,99.37,91.45,49.5,2.73,no,1
male,11,96.28,64.78,70.86,7.28,no,1
female,16,36.17,49.1,65.92,12.57,yes,1
female,12,95.54,42.17,77.18,5.73,no,1
female,14,76.96,73.59,100.0,2.28,no,0
female,16,71.94,59.3,47.63,5.39,no,1
other,15,86.74,69.02,36.58,8.07,no,1
other,12,93.93,45.03,80.85,10.11,no,1
female,13,69.31,78.48,91.58,1.59,no,1
male,14,97.45,44.85,72.52,5.66,no,1
female,10,98.16,74.37,83.21,1.89,no,0
other,16,89.56,52.38,80.41,8.14,no,0
male,10,61.59,32.41,36.35,13.49,yes,1
male,14,77.25,90.48,63.28,2.55,no,0
male,15,100.0,81.41,79.42,2.2,no,1
male,10,70.87,90.39,92.27,3.32,no,0
female,18,100.0,96.96,55.01,4.58,no,1
male,13,87.02,59.63,72.44,3.01,no,1
female,10,87.85,95.98,62.6,8.59,no,1
female,15,51.5,22.55,58.52,14.14,yes,1
female,15,87.24,83.94,75.84,5.51,no,1
male,15,96.36,64.11,66.17,3.09,no,0
male,16,55.96,31.12,82.47,8.46,yes,1
female,14,77.98,67.83,50.29,9.5,yes,1
female,17,90.07,87.12,70.74,4.33,no,0
female,13,81.27,86.64,47.35,4.85,no,1
female,14,99.26,75.44,54.15,9.65,no,1
male,11,45.57,48.11,69.29,6.94,yes,1
female,15,93.16,80.43,72.77,15.75,no,1
male,12,100.0,76.86,86.79,5.61,no,0
male,16,100.0,80.66,85.92,4.18,no,0
female,17,93.68,75.26,100.0,2.89,no,0
male,17,68.38,71.48,46.54,7.07,yes,1
male,18,81.37,45.96,46.85,5.17,no,1
male,11,68.36,55.9,41.09,9.59,yes,1
male,11,95.53,49.86,63.33,4.08,no,1
female,18,62.31,50.43,42.46,5.88,yes,1
male,13,98.09,98.27,77.69,5.17,no,0
female,10,97.6,50.41,82.55,7.12,yes,1
female,12,88.26,74.04,100.0,1.25,no,0
male,17,72.87,84.1,85.08,7.56,no,1
male,13,72.86,38.92,100.0,1.42,no,1
female,10,81.32,49.65,53.59,7.96,yes,1
female,16,71.28,63.83,30.61,8.76,yes,1
female,11,99.52,25.65,85.96,10.98,no,1
female,13,82.6,56.37,42.91,1.31,no,1
male,10,98.97,89.61,53.41,8.08,no,1
male,15,87.1,88.05,76.36,8.87,no,1
female,14,80.21,77.99,65.16,13.01,no,1
male,17,84.19,86.12,63.56,9.92,no,1
female,13,57.64,49.44,38.75,8.86,yes,1
female,11,100.0,80.89,66.81,8.3,no,0
female,11,87.84,66.95,85.07,11.3,no,1
male,11,96.73,73.85,76.36,1.03,no,0
male,14,82.56,61.88,61.06,1.86,no,1
male,10,76.38,92.22,53.54,5.96,no,1
male,13,86.19,96.34,52.43,8.81,no,1
female,17,100.0,94.08,83.06,7.39,no,0
male,16,65.75,51.47,66.18,10.31,yes,1
male,15,78.55,56.74,52.59,12.9,no,1
male,18,90.87,92.43,36.21,4.07,no,1
male,17,94.99,80.7,83.56,3.02,no,0
female,15,100.0,77.26,59.84,3.55,no,1
male,17,76.25,47.86,72.4,10.04,yes,1
other,11,79.73,64.81,46.39,8.74,yes,1
male,17,80.63,40.64,33.22,13.12,yes,1
female,12,75.16,82.14,78.76,3.15,no,0
male,16,60.44,68.06,100.0,10.55,yes,1
male,18,75.99,98.1,80.48,8.32,no,0
female,14,73.01,83.34,69.45,11.3,no,1
other,10,98.55,49.89,82.46,2.14,no,1
female,13,75.48,61.16,28.48,7.5,yes,1
male,13,89.95,100.0,55.8,4.51,no,0
male,18,40.89,32.1,15.0,5.67,yes,1
female,18,100.0,71.05,100.0,6.28,no,0
male,15,61.27,68.62,87.49,10.22,yes,1
female,18,96.62,67.87,67.07,9.88,yes,1
female,13,54.61,85.68,62.43,8.33,yes,1
female,13,79.25,60.27,39.07,10.55,no,1
female,17,45.57,30.16,56.05,7.56,yes,1
female,16,93.35,91.59,99.26,9.96,no,0
male,14,75.78,52.87,78.37,3.51,no,1
male,14,76.12,68.85,65.84,2.09,no,1
female,16,55.53,44.95,28.35,8.89,yes,1
female,16,81.33,74.58,84.85,9.51,yes,1
male,14,97.54,81.83,74.74,6.62,no,1
male,10,93.74,65.31,28.38,4.76,yes,1
female,10,80.77,65.56,59.36,4.02,no,1
female,11,74.63,77.44,28.0,18.0,yes,1
female,14,73.53,100.0,73.63,3.32,no,0
male,15,67.98,69.06,54.73,12.89,yes,1
male,17,82.77,73.59,57.94,18.0,no,1
female,12,77.57,37.23,64.99,18.0,yes,1
male,17,100.0,61.8,77.42,2.35,no,1
female,15,83.89,54.58,70.12,12.43,yes,1
female,10,78.89,63.45,60.57,8.76,no,1
male,13,100.0,71.74,100.0,7.6,no,0
male,12,71.47,86.45,49.84,6.06,yes,1
male,17,68.1,77.95,43.74,9.85,yes,1
female,18,63.5,43.46,41.53,9.82,yes,1
female,17,65.28,38.67,56.2,5.83,yes,1
male,14,92.91,79.4,29.05,8.17,yes,1
female,14,92.69,71.22,81.3,6.02,no,0
male,12,91.1,44.38,41.7,4.79,no,1
male,16,68.85,69.4,62.91,11.96,yes,1
female,10,100.0,88.41,51.68,4.1,no,1
male,12,87.66,20.0,53.14,9.46,yes,1
male,11,80.35,58.81,77.88,9.24,no,1
female,14,68.72,56.23,92.47,18.0,yes,1
male,12,86.43,83.75,56.6,2.02,no,0
female,11,90.75,63.75,73.29,7.77,no,1
male,13,63.59,32.69,46.97,7.66,yes,1
male,17,77.27,69.63,44.34,10.67,yes,1
male,15,100.0,64.51,63.13,1.9,no,1
male,17,73.24,80.67,81.83,10.69,no,1
male,18,75.46,54.22,67.21,2.87,no,0
male,18,83.2,50.36,100.0,9.34,no,0
female,13,83.76,84.08,83.49,2.11,no,0
male,17,100.0,76.04,57.82,1.59,no,0
male,18,100.0,86.76,69.4,4.4,no,0
male,18,100.0,63.48,61.57,5.88,no,1
male,13,85.83,59.28,81.4,17.66,no,1
male,12,68.56,79.77,30.5,9.79,yes,1
female,15,71.58,47.63,51.86,2.34,no,1
male,18,81.38,78.02,40.35,12.42,yes,1
female,18,77.89,79.13,63.29,15.78,yes,1
female,15,100.0,85.76,98.2,2.76,no,0
male,11,69.47,47.0,75.85,13.13,yes,1
male,13,70.3,44.94,60.54,14.89,yes,1
male,16,74.04,54.64,49.51,12.55,yes,1
female,15,99.7,51.28,90.3,3.2,no,1
male,13,71.36,56.61,55.4,5.92,no,1
female,13,80.83,68.32,26.8,10.67,yes,1
female,10,71.75,68.39,58.86,14.5,yes,1
female,12,76.3,55.21,57.9,3.36,no,1
female,16,63.98,70.82,65.82,9.27,no,1
other,12,70.36,65.27,62.15,8.68,yes,1
male,18,100.0,96.16,80.47,4.02,no,0
male,10,100.0,81.11,92.88,5.33,no,0
male,15,76.26,74.94,74.98,4.63,yes,1
female,14,100.0,79.63,79.51,0.86,no,1
female,17,88.48,87.68,68.04,1.12,no,1
female,17,100.0,51.41,77.94,6.86,no,1
male,14,83.59,70.05,65.27,4.34,no,1
other,15,82.82,71.38,72.46,3.21,no,0
female,16,80.87,68.1,100.0,5.02,no,1
female,14,64.27,67.1,70.28,9.41,no,1
other,11,100.0,82.15,84.1,4.86,no,0
male,13,81.3,78.28,63.3,2.29,no,1
male,12,79.38,69.17,85.36,18.0,no,1
female,14,74.84,60.23,89.68,5.19,no,1
male,15,69.55,75.55,64.81,14.95,yes,1
male,11,93.16,63.6,54.87,12.6,yes,1
male,12,100.0,55.7,94.62,3.83,no,0
male,17,69.07,68.9,89.89,13.88,no,1
female,13,67.75,30.11,65.1,7.4,yes,1
female,11,76.59,72.57,73.94,6.78,no,1
male,16,83.86,54.83,76.1,10.21,yes,1
male,16,75.44,48.81,43.73,10.59,yes,1
male,17,81.36,97.35,54.08,12.48,no,1
female,16,72.87,39.5,59.04,9.28,yes,1
female,18,83.27,83.3,44.66,5.96,no,1
female,15,91.37,92.99,74.9,10.16,yes,1
male,12,95.56,89.24,49.67,17.21,no,1
male,17,80.04,57.5,42.51,14.44,yes,1
male,12,57.0,41.85,72.16,1.53,no,1
female,12,88.2,50.21,76.71,3.5,no,1
male,17,97.0,51.42,53.81,9.53,yes,1
female,17,87.91,47.01,49.79,16.32,yes,1
female,13,49.83,34.49,49.93,17.06,yes,1
male,16,85.24,66.78,67.95,5.07,no,1
male,18,74.58,70.36,62.08,3.42,no,0
male,17,100.0,79.76,95.47,4.6,no,0
male,10,91.93,52.2,38.12,5.66,no,1
male,15,79.79,61.08,72.3,4.39,no,1
female,11,89.41,69.45,58.56,11.12,no,1
male,17,57.71,56.87,83.54,4.1,no,1
male,10,75.98,100.0,49.82,2.78,no,1
female,18,89.44,75.72,67.0,4.54,no,1
female,11,99.15,46.18,74.16,6.42,no,1
male,13,48.7,52.69,70.26,15.24,yes,1
female,12,67.43,66.73,65.98,6.62,yes,1
female,17,84.12,56.0,38.7,10.44,yes,1
female,13,71.58,52.59,67.23,6.57,no,1
female,16,74.75,86.13,75.95,11.37,yes,0
male,10,89.79,54.88,54.39,4.1,no,1
female,14,100.0,82.57,74.58,7.29,no,1
male,18,86.24,75.2,66.84,8.46,no,1
female,18,86.94,81.61,69.06,4.07,no,1
female,11,82.26,85.31,100.0,9.96,yes,1
male,13,73.08,80.99,68.57,4.73,no,1
male,13,69.35,49.06,68.1,7.07,yes,1
female,15,83.53,89.7,62.21,1.94,no,1
female,14,87.33,61.9,85.5,3.4,no,1
male,10,99.18,74.62,91.67,3.58,no,0
female,16,95.65,51.31,65.42,1.91,no,0
female,12,80.02,55.47,75.02,6.99,no,1
female,12,90.64,72.82,50.88,8.84,no,1
male,17,100.0,77.89,55.4,4.64,no,1
male,16,79.02,44.76,94.66,5.11,no,0
female,13,73.74,65.96,50.03,7.75,yes,1
male,18,69.68,44.89,16.55,8.92,yes,1
female,13,88.24,92.48,100.0,7.33,no,0
male,15,52.43,40.37,45.56,10.45,yes,1
female,12,100.0,54.02,71.57,4.9,no,1
male,11,79.71,73.21,100.0,3.58,no,0
male,14,100.0,57.34,64.45,8.38,no,1
female,15,64.54,66.3,57.06,7.84,yes,1
female,17,81.49,72.01,53.89,2.04,no,1
female,13,86.56,55.57,30.57,9.73,yes,1
other,18,100.0,81.47,73.01,1.3,no,1
other,15,91.5,55.92,82.53,6.28,no,1
female,10,81.13,37.37,65.5,10.58,yes,1
male,16,68.54,64.53,51.34,7.38,yes,1
female,15,71.9,40.41,60.36,7.73,yes,1
female,13,81.06,54.4,33.93,9.13,no,1
male,14,99.85,85.39,75.28,16.22,no,1
male,12,63.68,54.4,62.91,9.3,yes,1
female,15,89.82,37.94,95.53,4.88,yes,0
female,15,85.21,62.09,76.13,3.43,no,0
female,14,72.25,43.54,43.03,10.62,yes,1
other,12,98.1,100.0,75.09,4.78,no,0
female,13,89.29,86.5,70.1,6.34,no,0
male,14,85.43,65.27,83.82,5.74,no,1
male,14,88.64,81.22,76.48,5.83,no,1
male,12,99.73,50.3,53.32,0.95,no,1
male,15,81.05,61.24,46.56,3.72,no,1
female,12,70.49,59.68,64.73,7.47,yes,1
female,14,72.12,65.24,84.9,7.44,yes,1
male,11,99.38,70.44,77.43,7.68,no,0
male,14,70.8,61.97,74.64,6.19,yes,1
female,17,100.0,73.25,94.23,0.96,no,0
male,17,87.12,69.38,80.8,3.39,no,1
female,16,86.15,67.26,61.34,2.91,no,1
male,16,69.95,51.18,63.52,9.33,yes,1
female,10,73.2,75.71,97.73,2.89,no,0
male,13,76.56,78.57,85.54,4.32,no,1
female,15,65.63,61.17,73.47,7.91,yes,1
male,17,100.0,53.14,58.67,10.9,no,1
female,15,88.6,56.02,72.36,2.95,no,1
male,17,83.18,78.38,73.86,7.39,no,0
male,12,100.0,95.55,75.08,4.88,no,0
female,11,90.61,60.44,72.02,13.26,yes,1
male,10,100.0,65.41,24.75,12.92,no,1
male,15,78.76,75.59,76.55,4.83,no,1
male,15,66.06,39.81,58.57,5.33,yes,1
male,12,100.0,92.94,51.31,2.2,no,0
male,17,74.89,60.99,72.09,5.81,yes,1
female,16,68.79,47.29,46.96,7.73,yes,1
male,13,97.62,69.33,69.57,3.33,no,1
female,12,84.09,49.57,93.28,9.92,yes,1
other,16,82.14,92.99,85.18,8.82,no,0
male,16,74.63,54.76,70.34,5.21,yes,1
female,11,100.0,74.49,82.85,5.13,no,0
female,12,58.08,55.18,57.04,7.01,yes,1
female,14,89.15,60.15,100.0,5.25,no,1
male,14,58.63,49.1,74.44,7.74,yes,1
male,11,77.2,76.39,62.51,7.92,no,1
male,18,65.24,33.13,34.8,6.32,yes,1
female,13,77.73,62.04,70.2,7.15,yes,1
other,13,85.14,71.27,74.99,4.61,no,1
female,10,81.22,74.08,50.28,4.02,no,1
male,17,89.62,72.57,83.71,4.59,no,1
female,12,58.24,50.15,55.16,5.48,yes,1
male,18,77.15,79.4,60.55,15.76,yes,1
female,14,100.0,53.13,83.95,3.55,no,1
male,17,88.05,66.53,65.05,2.44,no,1
female,11,69.57,68.67,71.39,8.68,yes,1
female,11,93.48,79.69,67.04,5.16,no,0
male,17,64.66,67.35,59.21,14.89,no,1
male,17,95.44,100.0,57.42,9.7,no,1
female,14,100.0,67.83,80.36,7.96,yes,1
male,10,87.53,90.1,61.95,13.32,no,1
female,18,70.57,53.09,75.7,15.77,yes,1
female,13,97.92,56.11,100.0,2.46,no,0
female,18,91.74,52.97,37.7,18.0,yes,1
male,17,100.0,83.39,23.42,3.59,no,1
male,17,63.13,66.51,94.8,5.56,no,1
male,16,95.76,78.45,60.84,10.69,no,1
other,16,100.0,54.57,44.41,5.22,yes,1
male,14,79.47,52.02,49.4,8.59,yes,1
male,10,75.14,69.12,68.53,6.13,no,1
male,13,92.38,83.59,90.35,9.48,no,0
other,16,73.63,85.45,78.88,5.0,no,0
male,17,86.79,41.9,83.1,5.23,yes,1
female,15,77.53,84.2,75.9,14.82,no,1
female,16,72.89,47.59,54.43,9.12,yes,1
female,10,61.71,53.5,52.97,10.28,yes,1
other,14,65.44,54.93,70.11,5.62,yes,1
female,14,100.0,97.05,81.77,11.46,no,0
female,18,73.24,51.31,77.94,7.63,yes,1
male,12,65.29,60.86,55.29,7.01,yes,1
female,12,75.26,81.71,70.15,9.94,no,0
female,13,66.54,58.02,86.51,1.77,no,1
female,11,56.98,44.83,53.09,10.34,yes,1
female,15,73.34,53.73,39.57,6.95,yes,1
other,15,100.0,63.78,61.49,6.83,no,1
female,17,65.28,50.96,55.66,11.99,yes,1
female,18,90.85,75.79,71.92,7.54,yes,1
male,10,80.39,62.42,89.66,11.06,no,1
male,12,69.14,67.06,35.59,9.12,yes,1
male,12,76.05,77.03,56.25,14.95,no,1
male,12,83.89,35.65,44.56,14.01,yes,1
male,17,97.17,66.31,74.3,9.51,yes,1
male,11,50.86,23.38,50.49,9.48,yes,1
female,10,67.85,68.05,52.26,5.92,yes,1
male,17,87.18,49.88,25.58,13.93,yes,1
female,18,54.64,46.13,68.7,7.3,yes,1
female,12,95.8,51.29,73.09,5.9,no,1
male,12,100.0,73.96,55.23,14.87,no,1
male,14,72.94,72.83,46.33,14.93,yes,1
male,14,95.6,59.09,96.29,2.58,no,1
other,18,100.0,62.29,57.91,5.14,no,1
male,13,100.0,79.27,60.85,6.29,no,1
female,10,71.26,65.67,73.54,15.75,yes,1
female,13,65.61,20.0,52.36,14.71,yes,1
other,15,60.96,78.25,72.06,11.35,yes,1
male,14,83.72,66.46,67.23,10.92,yes,1
male,14,55.54,57.15,59.36,9.08,yes,1
male,18,85.97,69.7,69.73,6.18,no,1
male,17,90.23,42.31,90.97,4.31,no,1
male,12,65.96,68.8,71.92,12.47,yes,1
female,13,92.36,62.96,95.52,7.15,no,0
female,16,100.0,80.7,45.66,9.71,no,1
female,13,87.54,68.5,90.49,9.54,no,1
female,13,83.78,75.81,69.56,3.29,no,0
male,11,84.18,45.6,46.41,4.75,yes,1
female,12,91.88,85.83,72.95,3.11,no,1
female,16,100.0,52.99,90.96,6.15,no,1
female,17,90.98,100.0,85.73,4.31,no,0
female,17,86.02,100.0,71.4,4.19,no,0
male,12,67.6,98.12,91.08,2.97,no,0
male,11,52.56,66.41,62.52,10.71,yes,1
male,11,49.97,44.65,49.69,5.27,yes,1
male,13,93.55,90.66,63.26,7.31,no,0
female,14,55.65,44.46,67.38,11.4,yes,1
male,18,100.0,47.14,65.51,9.58,no,1
female,18,89.36,96.05,42.24,18.0,no,1
female,10,86.07,90.06,91.25,0.66,no,0
male,16,61.87,45.5,51.36,11.19,yes,1
male,12,96.47,52.4,95.66,8.1,no,1
female,11,62.35,36.62,34.75,7.11,yes,1
female,14,60.18,20.0,56.75,8.52,yes,1
male,10,86.26,73.12,47.4,7.66,yes,1
male,13,93.26,46.35,58.44,7.49,no,1
female,14,86.18,76.59,58.24,10.23,no,1
male,12,79.7,44.5,91.87,6.13,yes,1
female,15,89.11,49.17,78.58,6.76,no,1
male,14,76.6,61.81,36.75,15.54,yes,1
male,17,79.2,66.66,43.08,3.28,no,1
female,11,96.84,71.41,29.02,4.51,yes,1
female,10,82.04,51.72,66.34,2.72,no,1
female,14,100.0,59.88,64.59,2.49,no,1
male,12,86.73,33.8,71.97,2.83,no,1
other,16,81.69,23.05,15.0,18.0,yes,1
female,10,97.81,100.0,65.35,16.79,no,1
male,15,100.0,100.0,85.5,12.45,no,0
male,18,78.91,73.48,100.0,4.25,no,0
male,10,100.0,58.82,32.9,12.74,no,1
female,12,100.0,67.22,61.57,0.76,no,0
male,17,68.9,71.98,44.62,6.38,yes,1
female,14,89.42,63.77,69.62,8.59,no,1
male,11,65.72,61.8,38.04,7.49,yes,1
other,11,84.84,71.8,100.0,2.14,no,0
male,16,92.54,48.9,60.78,10.63,yes,1
female,17,59.95,37.58,57.78,10.74,yes,1
male,13,77.69,76.69,100.0,7.16,no,0
male,14,100.0,56.37,75.71,7.69,no,1
female,17,96.49,79.23,83.21,6.42,no,0
female,11,100.0,64.45,62.49,4.82,no,1
female,11,66.59,60.04,35.33,9.43,yes,1
male,16,73.52,80.14,40.01,12.67,yes,1
female,11,64.07,43.31,99.37,10.26,yes,1
female,16,90.72,86.72,87.39,3.77,no,0
female,14,67.71,43.33,80.94,3.08,no,1
male,18,97.22,64.47,58.43,5.4,no,1
female,10,92.88,72.44,83.4,11.5,no,1
female,18,71.31,88.77,35.56,11.76,yes,1
other,12,84.32,40.64,38.79,11.88,no,1
male,10,78.26,70.46,65.94,4.2,no,1
male,16,97.73,95.31,100.0,5.96,no,0
female,14,57.95,33.44,94.16,10.55,yes,1
female,17,95.14,68.59,58.88,8.92,no,1
female,10,100.0,77.31,63.86,4.21,no,1
male,10,89.83,60.95,30.47,11.75,yes,1
male,15,70.94,97.05,68.4,11.11,no,1
female,17,65.56,65.18,62.92,9.0,yes,1
male,13,94.06,93.24,90.21,2.8,no,0
male,17,88.16,66.24,83.39,11.34,no,1
female,18,72.21,60.15,63.45,8.2,no,1
female,17,76.62,54.39,70.01,5.76,yes,1
female,14,71.88,39.45,47.39,9.08,yes,1
male,16,94.97,65.74,60.67,18.0,yes,1
male,14,85.96,65.83,66.87,7.36,no,1
female,16,86.02,47.25,68.27,9.4,yes,1
male,15,73.79,79.98,82.81,2.54,no,0
male,14,59.66,27.7,61.24,6.53,yes,1
male,13,80.66,70.33,65.3,12.58,yes,1
female,15,100.0,64.35,47.73,2.71,no,1
female,16,77.51,90.55,56.83,6.59,no,1
female,18,89.29,65.72,71.14,4.99,no,1
female,15,72.42,82.11,50.02,6.33,no,0
male,10,86.83,74.87,68.68,4.71,no,0
male,15,99.04,83.9,69.26,7.15,no,0
male,12,83.78,73.76,90.57,9.54,no,1
male,10,69.01,31.39,62.57,8.76,yes,1
male,10,75.44,88.14,85.53,9.03,no,0
male,15,81.22,70.6,72.43,12.2,no,1
male,18,93.1,70.63,50.36,10.55,yes,1
female,14,89.88,83.04,69.41,8.44,no,1
female,14,76.97,59.63,89.13,2.15,no,1
male,10,85.22,57.36,97.48,4.83,no,0
female,16,52.83,56.49,57.62,5.6,yes,1
female,10,76.83,67.15,46.34,3.71,no,1
female,17,100.0,86.98,45.08,4.87,no,1
female,17,70.29,55.15,45.12,18.0,yes,1
male,18,94.69,74.37,17.92,7.11,yes,1
female,12,70.86,64.77,92.31,9.23,yes,1
male,11,71.57,62.61,70.74,6.71,yes,1
male,12,96.69,66.02,64.56,4.6,no,1
male,17,56.93,63.72,56.03,7.22,no,1
male,11,74.46,77.09,78.51,11.96,yes,1
male,17,71.41,57.13,39.95,8.19,yes,1
male,11,100.0,80.5,57.67,3.44,no,1
female,10,83.58,58.74,37.21,17.16,yes,1
male,11,75.4,73.99,78.05,3.98,no,1
male,16,86.91,85.57,71.17,4.9,yes,1
male,15,68.85,77.23,72.47,15.14,yes,1
male,13,78.15,73.27,94.81,1.12,no,0
male,15,74.37,61.43,51.01,15.15,yes,1
male,15,86.57,60.77,94.37,1.63,no,0
male,14,90.46,55.23,47.92,5.91,yes,1
female,14,93.09,76.95,43.22,2.33,no,1
female,10,91.47,85.61,63.92,3.76,no,1
female,12,99.81,83.99,52.49,11.22,no,1
female,14,85.11,40.25,48.62,6.39,yes,1
female,11,98.4,87.63,58.73,7.21,no,0
other,14,100.0,70.58,67.7,6.24,no,1
female,11,79.3,42.21,71.16,9.55,yes,1
female,17,74.01,79.38,81.87,13.97,yes,1
female,10,100.0,95.41,44.94,5.86,no,1
female,10,70.91,62.22,36.82,10.16,yes,1
male,15,89.4,83.34,52.75,8.4,no,0
male,11,100.0,84.28,89.78,3.85,no,0
male,13,91.46,80.33,56.31,9.27,yes,1
male,12,88.9,83.65,62.97,6.54,no,0
female,11,83.56,50.76,79.9,9.38,no,1
male,16,89.56,90.16,77.22,8.82,yes,0
female,16,98.61,89.05,75.66,5.21,no,1
female,12,75.79,49.85,45.31,11.1,yes,1
female,16,68.14,41.53,64.87,8.89,yes,1
male,16,92.98,80.08,71.8,3.16,no,1
male,14,71.74,53.55,46.66,12.39,yes,1
female,15,81.03,77.28,66.78,5.88,no,1
female,18,73.55,69.89,76.65,8.06,yes,1
other,14,92.19,62.94,80.5,2.33,no,1
female,13,67.5,40.14,78.64,5.14,yes,1
female,14,99.85,78.17,100.0,7.34,no,0
male,17,100.0,63.47,84.26,3.11,no,1
male,16,100.0,74.34,66.88,1.54,no,0
male,10,85.69,50.51,94.73,2.84,no,1
female,14,98.07,67.97,84.38,6.52,no,1
female,16,89.94,83.44,100.0,3.09,no,0
male,12,74.17,81.69,81.58,6.61,no,1
female,18,97.07,59.39,88.56,3.58,no,0
male,17,90.75,53.31,81.23,5.25,no,0
male,17,100.0,72.25,74.22,5.55,no,1
male,10,89.49,66.98,46.34,12.11,yes,1
male,15,97.53,78.48,72.3,8.27,no,1
female,14,91.99,63.81,85.38,5.36,no,1
male,15,73.96,62.77,80.78,6.63,yes,1
female,17,59.96,70.04,56.56,14.64,yes,1
female,13,68.13,75.28,67.67,4.0,no,1
male,14,78.53,45.87,70.12,0.6,no,1
male,16,71.43,61.25,36.19,10.37,yes,1
female,16,46.73,78.7,89.9,10.53,yes,1
male,16,82.47,51.4,66.26,4.12,no,1
female,13,86.03,72.48,93.41,1.63,no,0
male,18,86.41,68.38,80.98,1.35,no,1
female,10,81.06,73.53,81.47,4.33,no,1
female,14,84.9,75.11,73.89,2.43,no,1
male,15,100.0,90.24,52.82,9.36,no,1
male,10,79.95,59.36,42.57,8.21,yes,1
other,14,82.28,92.44,100.0,3.86,no,1
male,15,71.18,56.12,53.05,18.0,yes,1
male,15,71.66,52.4,80.25,4.7,yes,1
male,11,79.78,61.29,100.0,5.21,no,1
male,12,79.77,42.93,68.6,1.17,no,1
female,12,84.13,62.41,58.62,15.32,yes,1
female,15,83.96,100.0,76.81,1.52,no,1
male,12,75.86,79.33,55.17,6.71,no,1
female,15,71.48,68.99,56.66,10.1,yes,1
male,16,73.42,51.39,70.58,5.15,yes,1
male,17,48.33,42.09,51.02,10.74,yes,1
female,11,88.51,87.75,70.15,3.57,no,1
other,18,99.42,100.0,72.88,7.58,no,0
male,11,94.41,95.81,100.0,3.4,no,0
male,10,98.76,70.88,26.99,10.75,yes,1
female,10,100.0,72.56,85.03,4.87,no,0
female,11,100.0,75.36,71.44,6.74,no,1
male,17,100.0,59.94,64.47,7.49,no,1
male,11,81.1,34.83,55.0,8.51,yes,1
female,16,90.96,53.97,88.01,4.01,no,1
male,13,100.0,72.8,89.04,7.37,no,0
male,10,65.29,53.33,63.35,7.61,yes,1
male,13,73.29,34.49,79.67,8.58,yes,1
male,10,64.23,45.4,73.84,16.66,yes,1
male,14,76.78,52.91,74.69,9.25,yes,1
female,15,81.18,53.23,57.17,8.27,no,1
female,14,63.76,40.08,68.9,7.22,yes,1
female,12,76.96,52.86,68.99,10.69,yes,1
other,16,87.35,62.13,61.32,4.66,no,1
male,15,48.87,60.83,31.75,8.09,yes,1
male,12,54.53,20.0,23.59,5.07,yes,1
female,13,75.23,40.23,77.26,2.46,no,1
male,10,61.4,46.05,65.36,4.94,yes,1
female,18,76.97,59.54,29.73,18.0,yes,1
female,16,74.63,64.47,78.83,8.83,yes,1
male,12,84.78,49.38,62.74,9.28,yes,1
male,16,98.03,57.31,91.29,9.21,no,1
male,16,84.86,57.88,66.67,10.29,yes,1
male,15,79.3,50.93,40.81,8.07,yes,1
male,10,91.52,96.82,84.25,4.1,no,0
male,17,100.0,66.81,88.06,2.31,no,0
female,18,83.03,57.15,50.14,11.05,yes,1
female,18,76.51,97.61,34.04,11.21,yes,1
female,18,100.0,68.88,77.81,5.32,no,0
male,18,60.85,68.9,57.98,4.74,no,1
male,16,85.51,82.34,96.18,7.26,no,0
male,10,68.33,69.7,52.67,6.27,yes,1
male,14,85.83,62.63,91.04,10.51,yes,1
female,12,100.0,75.1,28.77,13.09,no,1
male,11,71.6,73.61,78.43,3.29,no,1
male,17,100.0,62.78,100.0,4.44,no,0
female,17,57.94,51.21,34.97,15.02,yes,1
male,14,75.31,100.0,73.13,5.32,no,1
male,16,69.19,77.37,43.75,12.68,yes,1
male,11,85.18,76.86,63.69,6.76,no,1
female,11,70.3,85.69,80.4,7.12,no,0
female,17,96.8,58.09,52.68,3.15,no,1
male,14,80.15,53.83,58.0,7.08,yes,1
female,14,100.0,87.17,85.29,7.97,no,0
female,14,83.8,95.79,72.13,1.76,no,0
female,11,88.53,59.67,58.0,4.58,no,1
male,17,71.63,50.26,78.54,11.26,yes,1
male,16,100.0,100.0,89.14,4.42,no,0
female,16,37.99,47.54,41.26,8.78,yes,1
male,13,60.52,75.17,27.71,12.95,yes,1
female,15,72.07,61.31,33.87,15.84,yes,1
female,18,58.97,49.94,60.81,18.0,yes,1
male,15,68.9,53.11,55.96,15.22,yes,1
female,14,87.49,87.08,90.22,3.81,no,1
female,12,64.11,67.72,54.13,6.77,yes,1
female,14,72.77,41.44,43.35,7.84,yes,1
male,13,79.54,52.36,76.54,11.34,yes,1
female,15,69.16,72.64,50.04,8.12,yes,1
female,10,83.56,69.93,79.36,3.24,no,0
female,11,87.01,64.11,39.1,12.73,no,1
female,17,71.91,74.15,49.74,8.03,yes,1
female,13,68.12,89.66,94.17,6.98,no,1
male,13,94.54,64.81,63.11,6.86,no,1
male,14,83.59,75.4,90.66,1.1,no,0
male,13,87.14,38.66,15.0,16.26,yes,1
female,16,79.09,43.67,49.93,6.16,yes,1
female,12,100.0,73.99,72.92,1.61,no,0
female,16,76.87,72.5,100.0,3.71,no,0
male,11,84.54,56.53,54.96,2.8,no,1
female,13,74.09,60.54,79.08,11.08,no,1
female,15,63.54,28.96,79.02,10.22,yes,1
male,17,100.0,79.28,63.01,3.47,no,0
female,12,100.0,40.52,69.28,1.56,no,1
female,15,75.22,55.81,78.55,6.7,no,1
female,10,83.5,42.19,49.33,4.29,no,1
male,10,88.09,78.7,67.81,7.29,no,1
female,16,96.03,43.16,98.97,6.25,no,0
other,16,67.88,72.51,85.41,2.87,no,0
female,13,69.76,98.23,73.18,7.89,no,0
female,15,94.88,98.77,78.04,1.96,no,0
other,13,65.61,43.11,86.46,4.16,no,1
male,12,66.64,62.77,73.9,8.56,yes,1
female,13,73.95,42.18,49.98,9.0,yes,1
male,12,76.99,38.91,87.62,5.86,yes,1
other,17,70.3,56.18,74.69,14.75,yes,1
male,13,67.61,77.65,72.19,6.86,yes,0
male,12,99.13,81.59,60.83,1.27,no,0
female,14,75.42,46.56,41.64,10.38,yes,1
male,16,64.24,57.28,45.12,18.0,yes,1
female,12,89.45,36.1,77.09,1.09,no,1
male,18,76.6,45.95,28.17,6.44,yes,1
other,14,100.0,58.82,75.9,9.03,no,1
female,15,98.44,73.25,99.17,5.24,no,0
male,18,100.0,68.75,86.38,1.92,no,0
female,13,64.67,43.74,47.83,8.54,yes,1
male,11,65.71,55.2,36.7,17.27,yes,1
female,16,86.18,72.36,72.4,11.46,no,1
female,10,87.28,80.64,64.24,18.0,no,1
female,14,59.9,48.39,58.97,12.12,yes,1
male,18,100.0,67.45,86.83,3.63,no,0
male,13,99.6,78.43,86.65,8.92,no,1
female,16,68.33,71.22,39.62,7.1,yes,1
female,14,96.7,63.1,79.99,4.8,no,1
female,11,74.67,57.05,53.46,7.11,yes,1
male,12,80.64,76.59,49.22,12.1,yes,1
male,14,72.87,54.36,91.56,7.65,no,0
female,10,70.25,86.88,77.52,7.32,yes,1
male,13,88.3,50.57,92.17,10.22,no,0
male,13,96.48,66.47,74.66,12.24,no,1
female,17,64.46,30.8,58.02,7.66,yes,1
male,11,59.0,95.01,71.45,6.78,no,1
female,17,59.02,37.95,19.77,16.7,yes,1
male,13,71.27,49.99,84.12,10.4,yes,1
female,15,89.77,66.07,70.21,4.17,no,0
female,15,100.0,73.53,85.11,4.94,no,1
female,12,95.99,66.74,88.22,3.63,no,1
male,18,72.98,55.87,28.58,14.42,yes,1
female,12,71.61,20.0,34.38,13.63,yes,1
female,10,100.0,72.91,94.85,17.33,no,1
male,16,64.92,46.28,65.23,7.04,yes,1
male,15,70.32,74.62,49.55,7.47,yes,1
male,18,75.93,92.94,73.73,1.64,no,0
female,14,89.03,55.0,79.55,11.37,yes,1
female,10,76.71,71.06,76.82,6.2,yes,1
female,10,63.51,28.37,24.61,18.0,yes,1
female,13,87.63,84.28,100.0,2.8,no,0
female,12,95.12,62.84,93.39,1.02,no,0
male,18,85.99,53.04,73.26,2.14,no,1
male,11,65.59,55.03,38.55,10.27,yes,1
female,17,64.15,68.41,78.97,8.89,yes,1
male,11,93.07,74.9,84.58,2.75,no,0
female,11,67.7,81.94,33.76,8.72,yes,1
female,12,83.55,60.02,71.82,3.37,no,1
male,11,72.97,88.77,100.0,7.26,no,0
female,13,89.93,61.57,76.3,2.27,no,1
male,12,86.83,75.61,62.64,5.7,no,1
other,14,85.14,75.47,57.85,5.86,no,0
female,14,74.39,68.58,91.9,8.99,yes,1
female,10,97.98,76.01,91.26,6.71,no,1
male,11,97.42,60.17,100.0,4.69,no,0
male,11,95.63,86.08,71.47,8.04,no,1
male,11,86.11,99.71,98.57,4.99,no,0
male,10,82.2,62.66,51.73,10.7,no,1
male,12,76.47,42.64,78.93,5.68,no,1
male,14,64.88,53.99,56.17,14.29,yes,1
other,12,89.24,66.7,100.0,3.42,no,0
male,12,79.56,69.9,81.74,2.48,no,0
male,14,73.15,66.9,39.74,12.01,yes,1
female,14,77.41,64.7,77.15,5.05,no,1
female,12,69.07,67.7,45.82,0.72,no,1
female,11,98.83,70.4,34.22,2.99,no,1
female,13,66.31,81.52,74.96,10.29,yes,1
female,10,78.96,72.48,69.25,4.76,no,1
female,14,58.87,26.23,55.29,6.9,yes,1
female,18,77.08,38.87,74.96,9.02,yes,1
female,13,100.0,74.23,100.0,5.58,no,1
male,10,67.16,39.93,69.62,5.27,yes,1
male,16,69.41,33.0,85.71,14.11,yes,1
male,11,100.0,82.17,76.05,11.53,no,1
male,11,50.27,56.95,65.44,6.98,yes,1
female,11,100.0,66.11,71.33,15.19,no,1
male,17,100.0,76.7,52.86,4.79,no,1
male,18,56.52,63.01,93.21,3.23,no,0
male,15,87.83,81.64,31.98,3.16,no,1
female,15,80.37,81.68,56.45,14.58,no,1
male,15,68.82,20.0,60.41,6.31,yes,1
female,15,83.98,68.15,61.78,5.66,no,1
female,14,81.74,66.29,51.87,10.12,yes,1
male,18,87.65,65.43,100.0,8.04,no,0
female,16,78.07,72.58,95.87,5.37,no,0
male,10,69.93,70.01,38.66,17.94,yes,1
male,13,78.18,59.29,42.55,18.0,yes,1
female,18,74.8,96.13,44.01,12.04,no,1
female,13,52.25,64.03,72.69,10.52,yes,1
male,11,95.91,56.1,46.5,13.1,yes,1
female,17,64.29,42.83,24.6,8.13,yes,1
male,15,87.35,26.39,68.81,10.34,no,1
female,15,84.23,66.78,83.9,3.37,no,0
female,13,95.58,50.35,93.34,2.62,no,0
female,11,100.0,75.54,74.68,2.56,no,1
female,13,78.96,60.45,53.29,11.38,yes,1
male,13,53.78,57.13,86.75,16.91,yes,1
female,18,72.39,94.35,67.12,13.54,no,1
female,12,84.21,71.58,88.95,0.78,no,0
female,11,85.78,100.0,57.29,9.45,no,1
male,13,68.34,75.72,88.42,2.48,no,0
male,18,98.83,51.04,40.8,18.0,no,1
male,14,75.96,63.01,67.68,1.89,no,1
male,13,100.0,66.04,54.25,1.29,no,1
male,16,100.0,81.47,56.11,9.57,no,1
male,15,86.02,56.84,98.51,3.95,no,0
female,12,94.27,67.23,64.98,3.79,no,1
male,18,74.22,69.42,88.93,2.95,no,1
female,15,96.48,64.83,100.0,3.33,no,0
female,10,66.02,70.98,50.5,13.83,yes,1
female,13,58.95,56.26,77.89,6.55,yes,1
male,18,85.53,90.67,85.56,4.66,no,0
female,13,83.41,66.7,78.1,2.35,no,0
female,15,85.1,91.24,89.51,5.52,no,0
female,15,100.0,50.18,100.0,3.74,no,1
female,16,62.58,23.79,48.53,10.98,yes,1
female,17,100.0,52.58,58.73,7.57,no,1
female,11,73.1,72.15,48.68,13.05,no,1
female,14,100.0,91.24,84.9,18.0,no,0
male,14,76.8,62.37,96.33,3.18,no,1
female,11,71.99,50.37,41.33,12.14,yes,1
female,16,83.12,68.54,37.55,3.7,no,1
female,11,84.88,81.17,63.85,7.43,no,1
female,14,98.62,64.36,85.86,7.23,no,1
male,12,100.0,63.47,74.8,7.08,no,1
other,11,86.29,36.47,54.25,12.54,yes,1
male,17,84.14,62.85,66.58,5.76,no,1
male,12,91.21,90.84,94.25,3.96,no,0
male,12,62.62,47.45,66.18,9.56,yes,1
male,17,77.1,60.16,77.56,17.66,no,1
male,17,58.24,65.78,62.86,7.44,yes,1
male,10,66.75,48.64,69.44,8.19,yes,1
female,12,75.0,80.72,68.25,7.0,yes,1
female,16,49.06,68.46,43.29,5.08,yes,1
male,17,88.44,72.9,82.72,4.96,no,1
female,18,100.0,48.02,90.25,7.76,no,1
male,14,85.46,94.63,80.79,6.64,yes,1
female,10,81.98,78.2,74.49,11.83,no,1
male,17,72.24,66.82,58.63,6.84,no,1
female,11,77.52,73.3,36.4,13.89,yes,1
male,11,44.19,57.24,52.17,10.43,yes,1
female,16,100.0,92.98,79.41,4.65,no,1
male,15,69.44,47.4,57.8,8.03,yes,1
female,10,100.0,77.1,55.77,6.25,no,1
male,11,51.28,27.03,39.67,10.62,yes,1
female,15,100.0,82.66,38.23,3.62,no,1
female,12,87.79,71.63,19.85,4.57,no,1
female,16,68.03,62.5,48.63,18.0,yes,1
female,13,55.56,43.66,100.0,9.63,yes,1
other,15,96.15,67.98,100.0,6.02,no,0
male,14,97.11,58.11,49.39,13.35,no,1
male,13,100.0,84.65,78.7,6.68,no,0
male,13,84.1,81.84,33.64,9.17,yes,1
male,16,64.87,37.09,27.38,13.71,yes,1
female,14,76.95,80.86,45.45,8.38,no,1
other,15,72.58,78.91,71.94,6.12,no,1
other,15,89.68,58.13,56.72,10.46,yes,1
female,11,79.66,47.57,80.55,4.28,no,1
female,18,100.0,51.17,87.94,2.22,no,1
female,15,78.3,45.5,53.94,11.63,yes,1
female,16,75.96,23.78,60.65,5.57,yes,1
male,17,68.32,80.53,40.31,6.3,yes,1
female,18,96.93,77.88,51.8,4.53,no,1
female,16,88.81,71.52,49.02,4.22,no,1
male,17,84.57,36.96,78.69,8.15,no,1
male,14,80.35,28.82,44.92,13.51,yes,1
other,16,87.27,71.96,33.32,16.96,no,1
other,12,79.42,100.0,74.86,1.37,no,0
female,16,96.2,60.82,53.52,7.06,no,1
female,10,88.23,85.82,100.0,6.88,no,0
male,18,77.87,50.32,49.58,10.33,yes,1
male,12,83.55,72.88,88.27,7.63,no,0
female,15,74.49,91.43,86.6,8.66,no,1
female,10,92.82,52.46,33.81,16.05,yes,1
female,11,90.56,46.96,61.37,10.46,yes,1
female,18,99.61,94.69,76.96,14.31,no,0
male,17,84.35,72.73,78.08,6.49,no,1
female,12,68.4,75.46,66.5,7.82,yes,1
male,11,100.0,61.04,52.07,6.11,no,1
male,17,84.75,94.51,85.97,2.82,no,0
male,18,64.41,50.38,51.25,6.93,yes,1
male,11,100.0,78.96,82.29,4.79,no,1
female,15,88.43,74.11,92.56,4.34,no,1
male,12,100.0,63.91,79.04,11.85,no,0
male,16,55.22,45.97,66.28,8.75,yes,1
female,13,78.22,50.92,71.56,6.52,yes,1
female,11,100.0,87.35,88.39,5.39,no,0
male,12,72.36,54.75,86.92,10.45,yes,1
male,14,85.83,48.06,75.39,5.77,no,1
male,17,74.99,45.13,78.95,2.43,no,1
female,10,84.99,30.37,67.78,16.64,yes,1
male,18,79.76,81.89,67.17,1.24,no,1
male,15,87.86,53.58,51.97,5.71,no,1
male,17,74.19,76.8,84.88,2.36,no,0
female,18,100.0,74.19,63.29,10.06,no,1
male,11,85.86,56.96,38.26,11.08,yes,1
female,10,71.62,65.01,69.01,10.45,yes,1
male,16,75.15,74.53,100.0,4.51,no,1
female,11,100.0,28.64,37.66,11.97,no,1
male,11,84.61,66.82,94.4,4.5,no,1
male,14,75.74,78.8,21.33,15.09,no,1
male,18,50.85,72.24,52.79,6.86,yes,1
female,17,81.25,98.98,100.0,5.41,no,0
female,14,54.54,24.19,45.09,12.51,yes,1
male,11,64.53,40.4,61.62,11.39,yes,1
male,13,97.93,46.94,89.73,5.13,no,0
female,16,84.5,96.32,45.1,1.39,no,0
female,11,93.27,88.21,77.3,5.97,no,0
male,14,63.32,51.61,61.16,8.13,yes,1
male,10,89.78,74.66,100.0,3.47,no,0
female,12,100.0,94.09,44.76,8.83,no,1
female,12,84.82,91.38,69.13,1.14,no,1
female,16,93.61,90.53,59.29,5.26,no,0
female,18,70.21,79.31,57.38,0.45,no,1
female,11,100.0,66.41,96.29,7.43,no,1
male,17,66.27,70.27,51.48,12.89,yes,1
male,15,84.61,71.06,50.0,9.92,yes,1
male,18,87.52,68.95,66.68,3.86,no,1
male,18,96.34,66.38,56.86,11.86,no,1
male,10,80.05,76.13,42.47,16.35,yes,1
male,16,66.57,84.63,37.24,10.66,yes,1
female,15,100.0,60.01,62.34,13.5,no,1
male,11,79.89,67.79,69.53,2.86,no,1
male,12,81.34,63.61,46.36,8.91,yes,1
female,18,84.32,79.79,78.79,0.69,no,0
female,14,93.19,63.64,80.32,2.23,no,0
female,13,83.46,100.0,65.98,2.08,no,0
female,12,72.6,64.75,57.41,11.4,yes,1
female,17,76.1,80.5,100.0,2.36,no,0
male,12,74.97,86.14,98.17,5.08,yes,1
male,11,72.53,50.82,41.03,7.27,yes,1
female,15,82.52,70.59,59.54,3.58,no,1
male,18,88.34,51.95,56.93,1.9,no,1
male,11,73.61,55.24,79.03,9.62,yes,1
male,12,81.6,48.18,68.83,6.31,no,1
male,14,70.45,69.97,64.31,5.53,yes,1
male,11,76.93,78.72,100.0,8.14,no,1
male,15,100.0,67.57,75.81,2.71,no,1
female,12,100.0,70.39,88.71,3.54,no,0
female,11,92.28,84.18,85.37,7.12,no,0
male,12,100.0,53.83,65.41,3.56,no,1
female,18,65.25,75.27,95.06,2.26,no,1
male,18,58.31,71.19,60.71,5.4,no,1
female,14,84.21,43.48,91.12,10.13,no,1
female,13,55.46,56.96,40.43,13.37,yes,1
male,17,86.16,45.22,67.4,3.32,no,1
female,11,74.47,56.12,40.41,6.56,yes,1
other,15,100.0,53.39,59.36,2.98,no,1
female,16,58.34,68.9,43.32,13.44,yes,1
other,16,76.8,39.49,16.24,6.94,yes,1
female,11,89.17,45.6,62.8,13.09,no,1
male,16,76.17,60.13,50.86,11.06,yes,1
female,15,65.76,51.38,74.22,8.99,yes,1
female,17,100.0,47.93,83.61,3.28,no,0
female,11,70.76,66.41,47.26,9.45,yes,1
male,15,93.29,26.14,51.75,6.25,yes,1
female,17,79.52,55.42,71.78,1.57,no,1
male,12,80.91,48.8,86.75,11.1,yes,1
female,16,71.28,70.84,45.2,8.98,yes,1
male,10,68.07,78.73,38.04,12.33,yes,1
female,16,79.59,75.64,39.69,10.18,yes,1
female,15,68.41,55.55,33.32,7.24,yes,1
male,11,40.06,20.0,56.53,13.37,yes,1
female,10,52.25,66.25,79.65,3.53,no,1
male,16,100.0,95.53,90.09,11.03,no,0
other,12,86.76,77.74,78.75,7.45,yes,1
female,14,94.65,65.41,100.0,5.8,yes,1
male,10,88.79,52.97,65.67,12.27,no,1
male,18,73.49,63.6,71.31,3.37,no,1
male,14,83.96,100.0,52.6,3.54,no,1
male,18,89.14,49.33,88.54,1.86,no,1
female,11,59.92,27.63,62.13,8.7,yes,1
female,11,100.0,87.08,87.72,2.06,no,0
male,15,100.0,65.1,46.5,11.83,no,1
female,15,94.74,53.09,82.33,3.93,no,1
male,17,71.87,82.45,63.69,6.6,yes,1
female,18,56.46,53.38,62.5,9.27,yes,1
male,17,90.56,51.89,38.7,18.0,yes,1
female,11,72.92,39.67,81.41,9.44,yes,1
female,12,68.53,90.76,96.91,8.31,yes,0
male,18,94.77,71.61,56.01,5.19,no,1
female,14,64.97,68.36,63.97,12.59,yes,1
other,17,90.76,86.3,15.2,8.11,no,1
male,15,54.69,37.67,72.03,10.06,yes,1
male,10,85.05,49.79,17.34,13.61,yes,1
female,14,87.75,95.14,66.55,5.39,no,0
male,17,100.0,95.4,52.37,4.56,no,1
male,15,69.59,27.97,56.12,9.31,yes,1
male,11,87.37,80.8,91.1,3.47,no,1
female,11,57.45,44.06,17.57,12.71,yes,1
male,17,81.12,41.47,53.53,7.35,yes,1
male,18,78.49,76.19,66.76,0.95,no,1
female,16,66.16,36.41,88.46,5.57,yes,1
female,10,89.01,64.54,83.77,6.46,no,1
